destination,Western Europe,Eastern Europe,Southern Europe,Northern Europe,Scandinavia,Nordic countries,Mediterranean coast,The Balkans,Central Europe,Baltic States,French Riviera,Amalfi Coast,Alpine,Iberian Peninsula,Benelux,British Isles,Romantic,Historical,Luxury,Budget,Children,Scenic,Coastal,Mountainous,Urban,Countryside,Adventure,Cultural,Popular,Remote,Sunny,Snow,Chill,Comfort,Peaceful,Relax,Traditional,Modern,Green,Ski,Hiking,Wine,Cycling,Museum,Food,Beach,Photography,Shopping,Sailing,Spa,History,Club,Festival,Castle,Cruise,Camp,Art,Church,Market,Palace,Botanical Garden,Lake,Cathedral,Opera House,Ancient,Bridge,Old Town,Harbor,Monastery,Island,Waterfall,Canyon,Fjord
Rome,1,0,0,0,0,0,0,2,0,0,0,0,0,1,0,0,0,1,3,0,5,0,0,0,7,0,0,10,10,0,0,1,0,0,0,0,2,19,6,0,0,2,1,2,7,0,0,0,0,0,9,1,1,0,0,0,15,17,2,1,1,0,2,1,34,5,0,0,0,1,0,0,0
Florence(Italy),0,0,0,1,0,0,0,0,0,0,0,0,0,0,0,0,0,1,1,0,2,0,0,0,4,0,0,8,2,0,0,1,0,0,0,0,4,9,1,0,0,4,1,10,7,0,0,1,0,0,8,2,0,0,0,1,35,10,3,8,0,0,11,1,1,7,0,0,2,0,0,0,0
Venice,1,0,1,0,0,0,0,0,2,0,0,0,1,0,0,0,1,7,3,1,2,0,1,0,3,1,1,8,9,0,0,1,0,0,0,0,2,6,0,0,0,1,0,1,1,1,2,2,2,0,7,11,4,0,32,0,7,4,1,3,0,1,1,0,5,5,0,0,1,11,0,0,0
Milan,0,1,1,1,0,0,0,0,0,0,0,0,0,0,0,0,3,5,3,0,0,0,0,0,21,0,0,6,3,0,0,2,0,0,0,0,5,17,2,0,0,4,3,9,1,0,1,2,0,0,11,4,1,2,0,0,32,10,1,2,1,3,7,0,11,0,0,0,1,1,0,0,0
Naples,0,0,1,0,0,0,0,0,0,0,0,1,0,1,0,0,1,7,0,0,2,0,2,0,10,0,1,6,13,0,0,1,0,0,0,0,4,7,1,0,0,1,0,6,2,1,0,0,2,0,11,3,5,6,1,0,13,3,1,8,1,0,2,2,7,2,0,1,1,3,0,0,0
Cinque Terre(Italy),0,0,0,0,0,0,0,0,0,0,0,0,0,0,0,0,0,0,0,0,0,0,1,0,0,0,0,1,4,0,0,0,0,0,0,0,2,0,0,0,0,3,0,0,1,0,0,0,0,0,1,0,0,0,0,0,0,0,0,0,0,0,0,0,1,0,0,0,0,0,0,0,0
Amalfi Coast(Italy),0,0,0,0,0,0,0,0,0,0,0,14,0,0,0,0,0,0,0,0,0,0,0,0,0,0,0,0,2,0,0,0,0,0,0,0,1,0,0,0,0,0,0,0,0,0,0,0,0,0,1,0,0,0,0,0,0,0,0,0,0,0,0,0,0,0,0,0,0,1,0,0,0
Pisa,0,0,0,0,0,0,0,0,0,0,0,0,0,0,0,0,0,1,0,0,0,0,1,0,3,1,0,4,0,0,0,1,0,0,0,0,2,2,0,0,0,0,0,4,0,0,0,0,1,0,7,1,9,1,0,1,1,11,0,8,3,0,7,0,5,7,2,0,0,1,0,0,0
Lake Como(Italy),0,0,0,0,0,0,0,0,0,0,0,0,4,0,0,0,1,3,2,0,0,4,0,3,0,0,0,8,6,0,0,0,0,0,0,0,8,2,1,0,2,0,1,1,1,0,0,0,1,0,5,0,1,0,0,0,0,0,1,0,1,81,0,0,4,0,0,0,2,0,0,0,0
Verona,0,0,0,0,0,0,0,0,0,0,0,0,0,0,0,0,0,1,0,0,1,0,0,0,1,0,0,0,2,0,0,0,0,0,0,0,1,1,0,0,0,0,1,2,0,0,0,0,0,0,2,1,1,1,0,0,3,16,0,1,0,1,1,0,3,4,0,0,0,0,0,0,0
Barcelona,0,0,0,0,0,0,2,0,0,0,0,0,0,3,0,0,0,6,1,0,1,0,0,0,18,0,0,5,5,0,0,1,0,0,1,0,1,8,1,0,0,0,1,25,0,4,0,0,0,0,9,6,2,4,1,4,7,4,0,0,3,0,4,1,6,0,0,0,1,2,0,0,0
Madrid,0,0,0,0,0,0,0,0,1,0,0,0,0,4,0,0,0,3,0,0,0,0,0,0,12,0,0,16,2,0,3,2,0,0,0,0,4,4,6,0,0,0,1,40,2,0,0,0,0,0,11,11,4,0,0,0,26,7,7,18,1,0,1,2,1,2,0,0,1,2,0,0,0
Seville,1,0,0,0,0,0,0,0,0,0,0,0,0,4,0,0,1,7,0,0,0,0,0,0,9,0,0,5,4,0,1,0,0,0,0,0,5,6,1,0,0,0,0,22,1,0,0,0,2,0,9,3,1,1,2,0,5,9,3,16,1,0,13,0,5,5,1,0,2,2,0,0,0
Valencia,0,0,0,1,0,0,1,0,0,0,0,0,0,6,0,0,0,1,0,0,1,0,1,0,5,0,0,8,4,0,0,1,0,0,0,0,4,8,2,0,0,1,0,16,1,2,1,0,0,0,5,4,4,0,0,0,11,5,3,6,1,1,12,1,5,1,0,0,0,0,0,0,0
Granada,0,0,0,0,0,0,1,0,0,0,0,0,2,6,0,0,1,5,0,0,0,0,0,0,4,0,0,8,2,0,0,1,0,0,0,1,5,4,2,4,0,0,0,6,2,0,0,0,0,0,8,0,4,0,0,0,5,21,1,26,0,0,8,0,2,0,0,0,8,0,0,0,0
Málaga,1,1,0,0,0,1,0,0,1,0,0,0,0,3,0,0,0,1,0,0,0,0,2,0,6,0,0,3,3,0,0,1,0,0,0,0,2,0,0,0,0,2,1,10,0,1,0,1,0,0,3,7,3,4,1,0,1,5,1,3,0,0,3,0,1,0,1,0,0,0,0,0,0
Bilbao,0,0,0,0,0,1,1,0,0,0,0,0,0,1,0,0,0,3,0,0,0,0,3,0,12,1,0,2,4,0,0,2,0,0,0,0,2,5,3,0,1,4,0,18,0,1,0,0,1,0,3,5,6,1,0,0,9,7,2,0,0,0,2,0,2,11,4,0,1,2,0,0,0
Ibiza,0,0,0,0,0,0,0,0,0,0,0,0,0,3,0,0,0,0,1,0,0,0,0,0,0,0,0,3,3,0,2,0,0,0,0,0,0,0,1,0,0,0,0,0,0,1,1,0,1,0,2,7,1,0,0,0,1,0,2,0,0,0,0,0,0,0,1,0,0,50,0,0,0
Majorca,0,0,0,0,0,0,0,0,0,0,0,0,0,1,0,0,0,0,0,0,0,0,2,2,1,0,0,1,5,0,0,1,0,0,0,0,2,3,0,0,2,0,3,3,0,1,0,0,0,0,4,1,3,0,0,1,2,0,1,0,0,0,3,1,0,0,0,0,0,58,0,0,0
San Sebastián,0,0,0,0,0,0,0,0,0,0,0,0,0,0,0,0,1,1,0,0,1,0,1,0,8,0,0,7,3,0,0,0,0,0,1,0,10,7,0,0,0,0,2,0,0,4,0,0,0,0,3,5,22,0,0,0,1,4,0,7,0,0,0,0,1,3,8,0,2,1,0,0,0
Paris,1,0,0,0,0,0,0,0,0,0,0,0,0,1,0,0,2,5,3,1,2,0,0,0,10,0,0,5,16,0,0,1,0,0,1,0,2,13,1,0,0,0,1,10,6,1,5,1,0,0,11,11,4,0,0,1,27,2,6,8,1,0,3,1,1,2,0,0,0,1,0,0,0
Nice,0,1,0,1,0,0,1,0,0,0,1,0,0,0,0,0,0,3,1,0,1,0,0,0,6,0,0,0,1,1,4,1,0,0,1,0,4,2,4,0,0,0,1,3,1,4,0,1,0,0,6,4,2,3,0,1,5,2,1,0,0,1,2,0,3,1,6,0,1,1,0,0,0
Marseille,2,0,1,0,0,0,0,0,0,0,3,0,0,0,0,0,0,3,1,0,0,0,2,1,5,0,0,10,5,0,1,0,0,0,0,0,2,3,1,0,0,0,0,8,4,0,0,3,3,0,9,6,2,0,1,0,10,2,5,0,1,0,5,3,5,0,1,0,0,0,0,0,1
Lyon,0,0,0,0,0,0,0,0,0,0,0,0,0,0,0,0,0,2,0,0,1,0,0,0,7,0,0,2,2,0,0,0,0,0,0,0,2,7,0,0,0,2,0,15,3,0,0,0,0,0,6,6,2,0,0,0,7,10,1,0,2,1,1,2,4,0,0,0,1,0,0,0,0
Bordeaux,0,0,0,0,0,0,0,0,0,0,0,0,0,0,0,0,0,0,0,0,1,0,0,0,10,0,0,2,1,0,0,0,0,0,0,0,0,4,1,0,0,21,2,12,1,0,0,3,0,0,11,0,4,0,0,0,3,8,0,0,0,1,4,0,1,17,1,0,0,2,0,0,0
Strasbourg,1,0,0,0,0,0,0,0,0,0,0,0,0,0,0,0,0,2,0,0,2,0,0,0,1,0,0,2,1,0,1,0,0,0,0,0,1,4,1,0,0,0,0,8,0,0,1,0,0,0,9,1,11,2,0,1,9,2,1,1,1,0,10,1,4,2,0,1,0,1,0,0,0
Cannes,0,0,0,0,0,0,0,0,0,0,1,0,0,0,0,0,1,0,6,0,0,0,0,0,0,0,0,0,0,0,0,0,0,0,0,0,0,0,0,0,0,0,0,2,0,2,0,0,0,0,3,6,16,1,1,0,2,3,1,1,0,0,0,0,2,1,1,0,1,4,0,0,0
Mont Saint-Michel,0,0,0,0,0,0,0,0,0,0,0,0,0,0,0,0,0,2,0,0,0,0,2,0,0,0,0,1,1,0,0,0,0,0,0,0,2,2,0,0,1,0,0,0,0,0,0,0,0,0,3,0,0,3,0,0,3,6,0,0,0,0,0,0,0,5,0,0,2,23,0,0,0
Loire Valley,0,0,0,0,0,0,0,0,0,0,0,0,0,0,0,0,0,0,0,0,0,0,0,0,0,0,0,2,0,0,0,0,0,0,0,0,0,0,0,0,0,5,1,2,1,0,0,0,0,0,1,0,0,1,0,0,5,0,1,0,0,0,0,0,0,1,0,0,0,0,0,0,0
French Alps(France),0,0,0,0,0,0,0,0,0,0,0,0,0,0,0,0,0,0,0,0,0,0,0,0,0,0,0,0,0,0,0,0,0,0,0,0,0,0,0,4,1,0,0,0,0,0,0,0,0,0,0,0,0,0,0,0,0,0,0,0,0,0,0,0,0,0,0,0,0,0,0,0,0
Vienna,0,1,0,0,0,0,0,0,0,0,0,0,1,0,0,0,0,6,0,0,4,0,0,0,3,0,0,4,14,0,0,4,0,0,0,0,4,10,4,1,0,10,2,38,3,0,0,1,1,0,14,2,4,0,0,3,16,13,2,9,0,4,2,1,0,0,0,0,1,6,0,0,0
Salzburg,0,1,0,0,0,0,0,0,0,0,0,0,1,0,0,0,1,1,0,0,2,0,0,0,7,0,0,1,2,0,0,0,0,0,0,0,0,3,2,0,0,0,0,7,0,0,0,2,0,0,3,4,6,3,0,6,2,11,1,6,0,0,12,2,0,1,10,0,5,0,0,0,0
Innsbruck,0,0,0,0,0,0,0,0,1,0,0,0,8,0,0,0,0,0,0,0,2,0,0,1,1,0,0,2,1,0,1,0,0,0,0,0,0,1,1,9,0,0,0,8,0,0,0,0,0,0,4,1,2,5,0,4,2,27,0,1,0,1,1,2,0,4,1,0,0,0,0,0,0
Hallstatt,0,0,0,0,0,0,0,0,0,0,0,0,0,0,0,0,0,0,0,0,1,0,0,0,0,0,0,2,1,0,0,0,0,0,0,0,0,0,0,0,0,0,0,3,0,0,0,0,0,0,2,0,0,0,0,0,0,0,0,0,0,3,0,0,1,0,0,0,0,0,0,0,0
Graz,0,0,0,0,0,0,0,0,4,0,0,0,1,0,0,0,1,2,0,0,3,0,0,0,2,0,0,5,2,0,0,0,0,0,0,0,0,1,3,0,0,1,0,31,0,0,1,1,0,1,5,3,1,18,0,0,6,7,0,7,1,1,2,2,0,0,2,0,0,4,0,0,0
Zell am See(Austria),0,0,0,0,0,0,0,0,0,0,0,0,14,0,0,0,0,0,2,0,0,0,0,0,0,0,0,0,3,0,0,3,0,0,0,0,0,0,1,15,0,0,1,1,1,0,0,0,0,0,2,3,2,6,0,0,0,8,1,0,0,10,0,0,0,0,1,0,1,0,0,0,0
Wachau Valley,0,0,0,0,0,0,0,0,0,0,0,0,0,0,0,0,1,4,0,0,0,2,0,0,1,0,0,3,2,0,0,0,0,0,0,0,0,3,0,0,0,14,0,3,0,0,0,0,0,0,10,0,0,21,0,0,2,10,1,0,0,0,0,0,5,0,2,0,8,0,0,0,0
Bregenz,0,0,0,0,0,0,0,0,2,0,0,0,2,0,0,0,0,0,0,2,2,0,0,0,0,0,0,0,0,0,0,0,0,0,0,0,1,2,0,1,0,0,0,3,1,0,0,0,1,0,4,2,15,1,1,2,3,5,0,1,0,12,0,0,0,0,1,0,1,0,0,0,0
Vienna Woods,0,0,0,0,0,0,0,0,0,0,0,0,1,0,0,0,0,0,0,0,0,0,0,0,1,0,0,0,1,0,0,0,0,0,0,0,0,0,0,0,0,0,0,0,0,0,0,0,0,0,1,0,0,0,0,0,0,0,0,0,0,0,0,0,0,0,0,0,0,0,0,0,0
Bad Gastein,0,0,0,0,0,0,0,0,0,0,0,0,4,0,0,0,0,0,0,0,0,0,0,0,1,0,0,0,3,1,0,0,0,0,0,0,0,1,0,3,0,0,0,2,1,0,0,0,0,10,2,0,0,0,0,0,0,0,0,2,0,0,0,0,1,0,0,0,0,0,2,0,0
Brussels,2,0,0,0,0,0,0,0,0,0,0,0,0,0,1,0,0,6,2,0,1,0,1,0,8,0,0,9,7,0,0,0,0,0,0,0,3,7,3,0,0,0,3,9,2,2,0,9,0,0,9,7,9,0,0,0,13,7,4,19,1,0,6,0,2,0,0,0,0,2,0,0,0
Bruges,0,0,0,0,1,0,0,0,0,0,0,0,0,0,0,0,0,3,0,0,2,0,2,0,0,0,0,2,2,0,0,0,0,0,0,0,0,3,0,0,0,0,1,13,0,0,0,1,0,0,3,2,0,0,0,0,2,5,5,0,0,0,3,0,0,5,0,1,0,0,0,0,0
Ghent,0,0,0,1,0,0,0,0,0,0,0,0,0,0,0,0,1,0,0,0,1,0,0,0,0,0,0,1,0,0,0,0,0,1,0,0,1,2,0,0,0,0,4,9,2,0,0,1,0,0,3,1,8,1,0,0,3,5,0,0,0,0,3,1,0,0,0,0,0,0,0,0,0
Antwerp,0,0,0,0,0,0,0,0,0,0,0,0,0,0,1,0,0,5,0,0,0,0,0,0,7,0,0,7,10,0,0,0,0,0,0,0,0,1,3,0,0,0,0,22,1,0,1,0,0,0,9,6,10,6,1,0,9,5,3,2,0,0,2,0,0,2,0,0,0,0,0,0,0
Leuven,0,0,0,0,0,0,0,0,1,0,0,0,0,0,0,0,0,1,0,0,0,0,0,0,0,0,0,4,0,0,0,0,0,0,0,0,0,2,1,0,0,0,2,2,0,0,0,1,0,0,2,7,1,2,0,1,6,7,1,0,0,0,0,0,1,0,0,0,0,1,0,0,0
Dinant,0,0,0,0,0,0,0,0,0,0,0,0,0,0,0,0,0,0,0,0,0,0,0,0,0,0,0,1,0,0,0,0,0,0,0,0,2,1,0,0,0,0,0,2,0,0,0,0,0,0,3,0,0,1,0,0,0,5,1,0,0,0,0,0,0,1,0,0,0,1,0,0,0
Ypres,0,0,0,0,0,0,0,0,0,0,0,0,0,0,0,0,0,0,0,0,0,0,0,0,0,1,0,0,0,0,0,0,0,0,0,0,0,1,0,0,0,0,0,2,0,0,0,0,0,0,3,1,0,0,0,0,0,2,0,0,0,0,5,0,1,0,0,0,0,0,0,0,0
Spa,0,0,0,0,0,0,0,0,0,0,0,0,0,0,0,0,0,0,1,0,0,0,0,0,1,0,0,0,2,0,0,0,0,0,0,0,0,0,0,0,0,0,0,0,0,0,0,0,0,70,1,0,1,0,0,0,0,0,0,0,0,0,0,0,0,0,0,0,0,0,0,0,0
Ostend,0,0,1,0,0,0,0,0,0,0,0,0,0,0,0,0,0,0,1,0,0,0,2,0,0,0,0,0,1,0,0,0,0,0,0,0,0,1,0,0,0,0,0,5,1,5,0,1,2,0,1,0,1,0,0,0,1,1,3,0,0,1,0,0,0,0,0,0,0,1,0,0,0
Namur,0,0,0,0,0,0,0,0,0,0,0,0,0,0,0,0,0,0,0,0,0,0,0,0,0,0,0,1,1,0,0,0,0,0,0,0,0,0,0,0,0,0,0,2,0,0,0,0,0,0,2,0,2,2,0,0,1,0,0,0,0,0,1,0,0,0,0,0,0,0,0,0,0
Copenhagen,0,0,0,4,6,4,0,0,0,0,0,0,0,0,0,0,2,4,0,0,1,0,0,0,19,0,0,10,9,0,0,2,0,0,0,0,1,13,12,0,0,0,4,15,2,3,2,0,0,0,6,3,9,8,2,1,13,18,2,12,0,0,1,3,1,7,1,1,0,7,0,0,0
Aarhus,0,0,0,1,7,1,0,0,0,0,0,0,0,0,0,0,2,1,0,0,3,0,1,0,7,3,0,17,11,0,0,1,0,0,0,0,4,4,4,0,2,1,2,20,16,2,1,2,6,0,7,3,15,0,2,0,16,16,5,2,0,8,11,0,0,0,3,0,0,0,0,0,3
Odense(Denmark),0,0,0,0,2,0,0,0,0,0,0,0,0,0,0,0,0,1,0,0,4,0,4,0,1,0,0,4,2,0,0,0,0,0,0,0,1,4,5,0,0,0,5,20,2,1,0,3,0,0,14,5,0,0,0,0,8,16,0,5,0,1,7,0,1,5,1,0,6,7,0,0,11
Legoland Billund,0,0,0,0,2,0,0,0,0,0,0,0,0,0,0,0,0,1,0,0,5,0,0,0,1,0,2,2,1,0,0,0,0,0,0,0,1,1,0,0,0,0,0,2,0,0,0,0,0,0,2,0,0,0,0,0,3,15,0,0,0,0,0,0,1,0,0,0,0,0,0,0,0
Ribe,0,0,0,0,3,0,0,0,0,0,0,0,0,0,0,0,1,0,0,0,0,0,0,0,0,0,0,0,0,0,0,0,0,0,0,0,0,0,0,0,0,0,0,2,0,0,0,0,0,0,3,0,0,1,0,0,1,5,1,0,0,0,6,0,3,0,0,0,0,0,0,0,0
Roskilde,0,0,0,1,3,0,0,0,0,0,0,0,0,0,0,0,0,0,1,0,1,0,0,0,0,0,0,1,4,0,0,0,0,0,0,0,0,1,1,0,0,0,0,21,1,0,0,2,0,0,6,10,7,0,0,0,2,18,2,2,0,0,20,0,0,0,5,0,0,1,0,0,10
Helsingør,0,0,0,0,0,1,0,0,0,0,0,0,0,0,0,0,0,2,0,0,1,0,1,0,0,0,0,1,1,0,0,0,0,0,0,0,0,1,2,0,0,0,0,2,0,1,1,0,0,0,4,2,0,9,0,0,0,4,0,0,0,0,3,1,0,0,0,0,0,1,0,0,0
Aalborg,1,0,0,1,5,0,0,0,0,0,0,0,0,0,0,0,0,4,0,0,5,0,0,0,6,0,0,7,3,0,0,0,0,0,0,0,2,9,4,0,0,0,1,14,0,0,0,2,2,0,5,15,6,5,0,1,7,21,5,0,0,2,4,2,1,9,2,2,2,8,0,0,0
Aarhus Botanical Garden,0,0,0,0,0,0,0,0,0,0,0,0,0,0,0,0,0,0,0,1,1,0,0,0,0,0,0,0,1,0,0,0,0,0,0,0,0,0,2,0,0,0,0,3,0,0,0,0,0,0,0,0,0,0,0,0,0,0,0,0,5,0,0,0,0,0,2,0,0,0,0,0,0
Tivoli Gardens,0,0,0,0,1,0,0,0,0,0,0,0,0,0,0,0,0,0,0,0,2,1,0,0,0,0,0,1,3,0,0,0,0,0,0,0,0,1,0,0,0,0,0,0,0,1,0,0,0,0,2,0,2,0,0,0,0,0,0,0,0,1,0,0,1,0,0,0,0,0,0,0,0
Berlin,0,0,0,0,0,0,0,0,2,0,0,0,0,0,0,0,0,3,0,3,4,0,0,0,12,0,0,7,10,0,0,0,0,0,0,0,1,10,2,0,0,1,1,30,10,1,0,0,0,1,16,4,8,0,0,4,13,18,1,13,1,0,5,0,0,5,0,0,0,7,0,0,0
Munich,1,1,0,0,0,0,0,0,0,0,0,0,3,0,0,0,0,0,0,0,1,0,0,0,7,2,0,10,10,0,0,3,0,0,0,0,3,8,6,0,0,0,2,11,5,0,0,0,0,0,8,7,8,2,0,4,11,10,6,5,0,2,2,2,1,3,7,0,0,0,0,0,0
Frankfurt,0,0,0,0,0,0,0,0,1,0,0,0,1,0,0,0,0,6,3,1,1,0,0,0,13,0,0,8,7,0,0,2,0,0,0,0,5,8,13,0,0,4,2,47,5,0,1,13,0,1,12,8,9,1,0,4,10,19,17,3,3,0,12,4,2,7,5,4,1,1,0,0,0
Cologne,2,0,0,0,0,0,0,0,1,0,0,0,0,0,0,0,0,2,0,0,1,0,0,0,7,0,0,6,1,0,0,0,0,0,0,0,0,11,4,0,0,0,2,15,1,0,0,4,0,0,2,8,5,0,0,0,14,10,2,0,2,0,10,2,1,10,0,0,0,0,0,0,0
Hamburg,0,0,0,2,2,0,0,0,1,0,0,0,0,0,0,0,0,2,0,0,2,0,0,0,7,0,0,4,2,0,0,0,0,0,0,0,1,2,5,0,0,0,2,11,1,0,1,0,3,0,5,23,10,2,0,1,7,8,1,0,2,0,0,0,0,1,2,0,0,2,0,0,0
Dresden,0,1,0,0,0,0,0,0,0,0,0,0,0,0,0,0,0,3,0,1,2,0,0,0,10,1,0,10,0,0,0,0,0,0,0,0,3,4,2,0,0,0,0,15,2,0,0,0,0,0,10,5,2,7,0,2,15,10,5,7,1,0,5,2,0,7,1,0,0,0,0,0,0
Heidelberg,1,1,0,0,0,0,0,0,0,0,0,0,0,0,0,0,2,5,0,0,2,2,0,0,1,0,0,2,4,0,0,1,0,0,0,0,0,7,2,0,0,0,0,7,0,0,0,1,0,0,9,2,5,30,0,5,3,18,6,6,0,0,0,0,0,7,16,0,5,0,0,0,0
Rothenburg ob der Tauber,0,0,0,0,0,0,0,0,0,0,0,0,0,0,0,0,2,2,0,0,0,1,0,0,0,0,1,1,2,0,0,1,0,0,0,0,0,1,0,0,0,1,0,9,0,0,0,0,0,1,4,0,0,10,0,0,0,10,2,0,0,0,0,0,0,1,3,0,3,2,0,0,0
Neuschwanstein Castle,0,0,0,0,0,0,0,0,0,0,0,0,3,0,0,0,2,0,0,0,0,1,0,0,0,0,0,1,1,1,0,0,0,0,0,0,0,1,0,0,0,0,0,0,0,0,1,0,0,0,1,0,0,44,0,0,5,1,0,60,0,1,0,0,0,0,0,0,0,0,1,0,0
Black Forest,0,0,0,0,0,0,0,0,1,0,0,0,0,0,0,0,0,0,1,0,0,1,0,0,0,2,1,4,6,1,0,1,0,0,0,0,4,0,0,2,5,3,0,11,0,0,0,0,0,2,7,3,1,0,0,0,5,0,2,0,0,3,0,0,1,0,0,0,1,1,0,0,0
Monaco-Ville,2,0,0,0,0,0,0,0,0,0,2,0,0,0,0,0,0,0,1,0,0,0,1,0,1,0,0,0,1,0,0,0,0,0,0,0,3,3,1,0,0,0,0,8,1,1,0,0,0,0,2,13,4,1,0,1,4,19,2,4,0,1,2,2,1,1,0,0,0,0,0,0,0
Monte Carlo,0,0,0,0,0,0,0,0,0,0,1,0,0,0,0,0,0,0,2,0,0,0,0,0,0,0,0,1,1,0,0,0,0,0,0,0,1,0,0,0,0,0,0,2,0,2,0,0,0,1,1,0,0,0,1,0,0,1,0,2,0,0,1,1,0,0,0,0,0,0,0,0,0
Casino Square,2,0,0,0,0,0,0,0,0,0,2,0,0,0,0,0,0,0,1,0,0,0,1,0,1,0,0,0,1,0,0,0,0,0,0,0,3,3,1,0,0,0,0,8,1,1,0,0,0,0,2,13,4,1,0,1,4,19,2,4,0,1,2,2,1,1,0,0,0,0,0,0,0
Oceanographic Museum,0,0,0,0,0,0,0,0,0,0,0,0,0,0,0,0,0,0,0,0,0,0,0,0,0,0,0,0,0,0,0,0,0,0,0,0,0,0,0,0,0,0,0,11,0,0,0,0,0,0,1,0,0,0,0,0,0,0,0,0,0,0,0,0,0,0,0,0,0,0,0,0,0
Japanese Garden,0,0,0,0,0,0,0,0,0,0,0,0,0,0,0,0,0,0,0,0,0,0,0,0,0,0,0,0,0,0,0,0,0,0,0,0,0,0,0,0,0,0,0,0,0,1,0,0,0,0,0,0,0,0,0,0,0,0,0,0,0,0,0,0,0,0,0,0,0,0,1,0,0
Saint-Martin Gardens,0,0,0,0,0,0,0,0,0,0,0,0,0,0,0,0,0,1,0,0,11,0,0,0,0,0,0,2,0,0,0,0,0,0,0,0,0,0,0,0,0,0,0,1,0,0,1,0,0,0,0,1,1,0,0,1,2,2,0,4,0,0,0,0,0,0,0,0,0,0,0,0,0
Rainier III Botanical Garden,2,0,1,0,0,0,0,0,0,0,0,0,0,0,0,0,0,0,0,0,0,0,0,0,0,0,0,0,0,0,0,0,0,0,0,0,0,0,0,0,0,0,0,3,0,0,0,0,0,0,3,0,0,0,0,0,2,0,0,2,1,0,0,0,0,0,0,0,0,0,0,0,0
Larvotto Beach,0,0,0,0,0,0,0,0,0,0,0,0,0,0,0,0,0,0,0,0,0,0,3,0,0,0,0,0,1,0,0,0,0,0,0,0,0,0,1,0,0,0,0,0,0,3,0,0,0,0,1,0,0,0,0,0,0,0,0,0,0,0,0,0,0,0,0,0,0,0,0,0,0
Grimaldi Forum,0,0,0,0,0,0,0,0,0,0,1,0,0,0,0,0,0,1,0,0,0,0,0,0,0,0,0,0,0,0,0,0,0,0,0,0,0,0,0,0,0,0,0,0,0,0,0,0,0,0,1,0,2,0,0,0,2,0,0,0,0,0,0,0,0,0,0,0,0,0,0,0,0
Moscow,1,2,0,0,0,0,0,0,0,0,0,0,0,0,0,0,0,11,1,0,5,0,0,0,12,0,0,4,4,0,0,2,0,0,0,0,2,3,6,0,0,1,0,20,1,0,0,2,1,0,14,2,2,0,0,0,7,7,2,8,2,0,10,0,1,3,0,0,3,2,0,0,0
St. Petersburg,0,1,0,0,1,0,0,0,0,2,0,0,0,0,0,0,2,8,0,3,1,0,1,0,4,0,0,7,9,1,0,3,0,1,0,0,1,8,2,0,0,0,0,33,4,0,0,0,0,0,11,7,4,2,1,0,10,13,0,34,1,4,16,0,0,13,0,0,0,18,0,0,0
Sochi,0,0,0,0,0,0,0,0,0,0,0,0,3,0,0,0,0,2,0,1,0,0,3,0,5,0,0,0,2,1,0,0,0,0,0,0,0,3,0,3,0,0,0,1,2,1,0,0,0,0,4,0,1,0,0,0,1,6,2,0,2,0,1,0,1,0,0,0,0,1,0,0,0
Kazan,0,0,0,1,0,0,0,0,0,0,0,0,0,0,0,0,0,6,0,0,0,0,0,0,3,0,0,3,4,0,1,0,0,0,0,0,0,7,2,0,0,0,1,1,1,0,0,2,0,0,1,0,0,1,1,0,1,1,0,3,0,3,4,0,1,3,0,0,4,0,0,0,0
Vladivostok,0,0,0,0,0,0,0,0,0,0,0,0,0,0,0,0,0,7,0,2,3,0,2,0,7,0,0,5,2,0,1,4,0,0,0,0,0,5,0,0,0,0,0,8,1,0,0,0,0,0,6,5,6,0,1,2,8,2,0,0,0,0,0,1,0,8,0,2,0,8,0,0,0
Lake Baikal,0,0,0,0,0,0,0,0,0,0,0,0,0,0,0,0,0,1,0,0,0,1,0,0,0,0,2,0,5,0,0,1,0,0,0,0,0,0,3,0,2,0,0,0,1,0,0,0,0,0,3,0,0,0,0,0,0,0,0,0,0,143,0,0,2,0,0,0,0,8,0,0,0
Kamchatka Peninsula,0,0,0,0,0,0,0,0,0,0,0,0,1,0,0,0,0,0,0,0,0,0,2,0,0,0,0,0,1,0,0,3,0,0,0,0,0,0,0,0,0,0,0,0,0,0,0,0,0,0,2,0,0,0,0,0,0,0,0,0,0,2,0,0,0,0,0,1,0,4,0,0,0
Golden Ring,0,0,0,0,0,0,0,0,0,0,0,0,0,0,0,0,0,0,0,0,0,0,0,0,0,0,0,0,1,0,0,0,0,0,0,0,0,0,0,0,0,0,0,4,0,0,0,0,0,0,3,0,0,0,0,0,1,3,0,0,0,2,3,0,5,0,0,0,3,0,0,0,0
Trans-Siberian Railway,0,0,0,0,0,0,0,0,0,0,0,0,0,0,0,0,0,0,0,0,0,0,0,0,0,0,0,0,1,0,0,0,0,0,0,0,0,1,1,0,0,0,0,1,1,0,0,0,0,0,10,0,0,0,0,0,0,0,0,0,0,9,0,0,0,1,0,0,0,2,0,0,0
St. Basil's Cathedral,0,0,0,1,0,0,0,0,0,0,0,0,0,0,0,0,0,4,0,0,0,0,0,0,2,0,0,3,1,0,0,0,0,0,0,0,2,1,2,0,0,0,0,5,0,0,0,0,0,0,3,0,0,0,0,0,1,107,1,0,0,0,34,0,0,0,0,0,0,0,0,0,0
Athens,0,1,0,0,0,0,0,0,0,0,0,0,0,0,0,0,0,3,0,0,0,1,4,0,33,0,0,4,5,0,0,1,0,0,0,0,0,22,5,0,1,0,0,26,0,2,0,0,0,0,9,2,1,0,1,0,13,1,0,2,0,0,0,0,24,1,0,0,1,3,0,0,0
Santorini,0,0,0,0,0,0,0,0,0,0,0,0,2,0,0,0,0,1,0,0,1,0,1,0,0,0,0,0,4,0,0,0,0,0,0,0,3,0,0,0,0,12,0,0,1,4,0,0,1,0,7,0,1,0,2,0,0,2,0,1,0,0,0,0,6,0,0,0,2,79,0,0,0
Mykonos,0,0,0,0,0,0,0,0,0,0,0,0,0,0,0,0,1,2,0,0,0,0,0,0,0,0,0,1,4,0,2,1,0,0,0,0,4,1,1,0,0,0,0,9,0,3,0,0,1,0,3,2,0,5,0,0,0,7,0,0,0,0,0,0,2,0,0,1,0,31,0,0,0
Crete,1,0,0,0,0,0,0,0,0,0,0,0,1,0,0,0,2,1,1,0,2,0,0,3,3,1,0,6,2,0,1,0,0,0,0,0,2,7,3,0,0,2,0,6,0,4,0,0,0,0,6,0,0,1,0,0,2,0,1,3,0,8,0,0,12,0,0,0,5,80,1,0,0
Rhodes,0,0,0,0,0,0,0,0,0,0,0,0,0,0,0,0,0,5,0,0,1,0,3,1,2,0,0,4,2,0,0,0,0,0,0,0,3,5,0,0,0,1,4,2,0,0,0,0,1,1,7,2,1,2,2,0,1,1,0,3,0,0,0,0,15,0,4,0,0,84,0,0,0
Corfu,0,1,2,0,1,0,0,1,0,0,0,0,0,0,0,0,0,3,0,0,0,0,0,1,4,2,2,2,7,0,0,0,0,0,0,0,6,15,7,0,0,2,0,15,1,6,0,0,1,0,17,0,0,29,0,1,8,10,1,12,0,1,7,7,31,5,6,0,5,137,0,0,0
Meteora,0,0,0,0,0,0,0,0,0,0,0,0,0,0,0,0,0,0,0,0,0,0,0,0,0,0,0,2,3,0,0,0,0,0,0,0,1,3,0,0,0,0,0,4,0,0,0,0,0,0,6,0,0,0,0,0,0,7,0,0,0,1,1,0,4,1,0,0,49,0,0,0,0
Delphi,0,0,0,0,0,0,0,0,0,0,0,0,0,0,0,0,0,2,1,0,0,0,0,0,0,0,0,1,3,0,0,0,0,0,0,0,1,10,0,0,0,0,0,5,0,0,0,0,0,0,2,0,5,0,0,0,3,1,2,1,0,1,0,0,28,0,0,0,1,0,0,0,0
Nafplio,0,0,0,0,1,0,0,1,0,0,0,0,0,0,0,0,0,2,0,0,0,0,1,0,0,0,0,0,2,0,0,0,0,0,0,0,3,7,1,0,0,0,0,1,0,0,0,0,0,0,4,0,0,1,0,0,0,1,0,0,0,0,0,0,4,0,4,0,0,1,0,0,0
Olympia,0,0,0,0,0,0,0,0,0,0,0,0,0,0,0,0,0,1,0,0,0,0,0,0,1,0,0,0,0,0,0,0,0,0,2,0,1,10,0,0,0,0,0,3,1,0,0,0,0,0,4,0,4,0,0,0,1,0,0,0,0,0,0,0,32,1,0,0,0,0,0,0,0
Lisbon,0,0,1,0,0,0,0,0,0,0,0,0,0,6,0,0,0,8,0,0,2,0,1,0,9,0,0,14,8,0,0,0,0,0,0,0,5,13,3,0,0,1,2,26,1,0,0,3,1,0,3,2,6,6,0,0,15,2,2,6,0,0,2,1,5,13,0,0,3,2,0,0,0
Porto,0,0,1,0,0,0,0,0,0,0,0,0,0,5,0,0,0,2,0,0,0,0,2,0,9,0,0,0,12,0,4,0,0,0,0,0,2,7,1,0,0,15,0,3,2,0,1,0,1,0,7,9,2,0,1,0,3,4,0,3,0,0,4,0,0,20,0,0,2,0,0,0,0
Algarve,0,1,1,0,1,0,0,0,0,0,0,0,0,9,1,0,0,7,4,1,2,0,12,1,2,2,0,7,7,1,0,0,0,0,1,0,10,4,0,0,0,0,4,3,3,6,0,2,1,1,4,0,0,0,0,0,1,0,1,0,0,0,0,0,2,1,0,0,0,0,0,0,0
Madeira,0,0,0,0,0,0,0,0,0,0,0,0,0,0,0,0,0,1,0,0,0,0,1,1,0,0,0,1,13,0,0,0,0,0,0,0,6,1,0,0,1,17,0,1,0,2,0,0,0,0,4,0,1,0,1,0,0,2,2,1,0,0,0,0,1,0,0,1,0,51,0,0,0
Sintra,0,0,0,0,0,0,0,0,0,0,0,0,0,1,0,0,4,0,0,0,0,2,2,0,4,0,1,4,2,0,0,0,0,0,0,0,0,1,0,0,0,1,1,2,1,0,0,0,0,0,2,7,0,15,0,0,1,7,1,25,0,0,0,0,1,0,1,0,7,1,0,0,0
Óbidos,0,0,0,0,0,0,0,0,0,0,0,0,0,0,0,0,0,1,0,0,1,0,0,0,2,0,0,0,1,0,0,0,0,0,0,0,2,0,0,0,0,0,0,0,0,0,0,0,0,1,1,0,2,8,0,0,0,2,3,0,0,0,0,0,0,0,0,0,0,0,0,0,0
Aveiro,0,0,0,0,0,0,0,0,0,0,0,0,0,1,0,0,0,2,0,0,0,0,1,0,3,0,0,0,1,0,0,0,0,0,0,0,4,0,0,0,0,0,0,3,0,0,0,4,0,0,2,6,0,0,0,0,5,5,1,0,0,0,1,0,1,0,1,0,2,0,0,0,0
Braga,0,0,0,0,0,0,0,0,1,0,0,0,0,4,0,0,0,8,0,0,0,0,0,2,12,1,0,2,1,0,0,0,0,0,0,0,0,1,0,0,0,0,0,16,0,0,1,0,0,0,3,7,1,5,0,0,2,39,0,5,0,0,10,0,3,2,0,0,6,0,0,0,0
Coimbra,0,0,0,0,0,0,0,0,0,0,0,0,0,2,0,0,0,4,0,0,1,0,1,0,5,0,0,4,2,0,0,0,0,0,0,0,2,2,4,0,0,1,0,4,1,2,0,5,0,1,6,9,1,2,0,0,2,8,9,8,3,0,4,0,3,4,0,0,11,0,0,0,0
Douro Valley,1,0,0,0,0,0,0,0,0,0,0,0,0,2,0,0,0,1,0,0,0,1,0,0,0,0,0,1,0,0,0,0,0,0,0,0,0,2,0,0,0,5,0,0,0,0,0,0,0,0,2,0,0,0,0,0,2,0,0,0,0,1,0,0,0,0,0,0,0,0,0,0,0
Oslo,0,0,0,0,0,0,0,0,0,0,0,0,1,0,0,0,0,0,0,0,4,0,0,0,10,0,0,6,4,0,0,0,0,0,0,0,0,6,8,5,1,0,0,26,3,1,0,0,0,0,13,1,9,1,0,0,7,5,1,4,1,2,0,3,0,0,4,0,0,0,0,0,3
Bergen,0,0,0,0,3,0,0,0,0,0,0,0,0,0,0,0,0,1,0,0,2,0,2,0,8,0,0,2,1,0,0,0,0,0,0,0,2,5,1,0,0,0,0,3,0,0,0,0,0,0,5,2,4,1,3,0,9,4,0,0,0,0,3,0,0,5,0,0,0,1,0,0,4
Sognefjord,0,0,0,0,0,0,0,0,0,0,0,0,0,0,0,0,0,0,0,0,0,0,0,0,1,0,0,0,0,0,0,0,0,0,0,0,0,0,0,0,0,0,0,0,0,0,0,0,0,0,0,0,0,0,0,0,1,0,0,0,0,0,0,0,1,0,0,0,0,1,0,0,25
Geirangerfjord,0,0,0,0,0,0,0,0,0,0,0,0,0,0,0,0,0,0,0,0,0,0,0,0,0,0,0,0,1,0,0,0,0,0,0,0,0,0,0,0,0,0,0,0,0,0,0,0,0,0,0,0,0,0,0,0,0,0,0,0,0,0,0,0,0,0,0,0,0,0,1,0,18
Lofoten Islands,0,0,0,0,0,0,0,0,0,0,0,0,1,0,0,0,0,0,0,0,0,0,0,0,0,0,0,0,2,2,0,2,0,0,0,0,1,0,0,0,0,0,4,1,0,0,0,0,0,0,1,0,1,0,0,0,5,0,0,0,0,0,0,0,0,0,0,1,0,13,0,0,0
Tromsø,0,0,0,1,1,0,0,0,1,0,0,0,2,0,0,0,0,0,0,0,1,0,3,0,1,0,0,6,3,0,1,8,0,0,0,0,2,3,0,2,0,0,0,8,0,0,1,0,0,0,2,9,12,0,0,0,3,10,0,0,2,1,4,0,0,4,0,0,0,20,0,0,1
Jotunheimen National Park,0,0,0,1,1,0,0,0,0,0,0,0,0,0,0,0,1,0,0,0,0,0,0,1,0,0,1,0,0,0,0,0,0,0,0,0,0,0,0,0,1,0,0,0,0,0,0,0,0,0,1,0,0,0,0,0,0,0,0,0,0,2,0,0,0,0,0,0,0,0,0,0,0
Hardangervidda National Park,0,0,0,0,0,0,0,0,0,0,0,0,1,0,0,0,0,0,0,0,0,0,0,0,0,0,0,0,1,0,0,0,0,0,0,0,0,0,0,0,6,0,1,0,0,0,0,0,0,0,0,0,0,0,0,0,0,0,0,0,0,1,0,0,3,0,0,0,0,0,0,0,0
Preikestolen,0,0,0,0,0,0,0,0,0,0,0,0,0,0,0,0,0,0,0,0,0,0,1,0,0,0,0,0,1,0,0,2,0,0,0,0,0,0,0,0,1,0,0,0,0,0,0,0,0,0,0,0,0,0,1,0,0,0,0,0,0,0,0,0,0,0,0,0,0,0,0,0,2
Flåm,0,0,0,0,0,0,0,0,0,0,0,0,0,0,0,0,0,0,0,0,0,0,0,0,0,0,0,0,0,0,0,0,0,0,0,0,0,0,0,0,0,0,0,1,0,0,0,0,0,0,1,0,0,0,9,0,0,2,0,0,0,0,0,0,0,0,0,0,0,0,0,0,4
Stockholm,0,1,0,1,7,5,0,0,0,0,0,0,0,0,0,0,2,7,1,0,1,0,1,0,11,0,0,12,12,0,0,2,0,0,0,0,0,11,14,0,0,1,0,31,0,0,1,3,0,0,16,1,16,3,1,0,17,7,2,10,1,4,1,0,1,1,4,0,0,6,0,0,0
Gothenburg,0,0,0,0,11,2,0,0,0,0,0,0,0,0,0,0,1,0,0,0,0,0,0,0,0,0,0,2,10,0,0,1,0,0,0,0,1,3,1,0,0,0,0,8,0,0,0,2,2,0,9,2,15,0,0,0,2,6,0,1,1,0,0,0,0,1,0,1,0,2,0,0,0
Malmö,0,0,0,0,5,1,0,0,0,0,0,0,0,0,0,0,0,2,0,1,1,0,0,0,7,0,0,0,3,0,0,3,0,0,0,0,0,5,0,0,0,0,0,9,0,3,0,0,0,0,4,5,8,1,0,0,9,8,0,0,0,0,0,0,0,13,0,5,0,0,0,0,0
Visby,0,0,0,0,2,1,0,0,0,0,0,0,0,0,0,0,0,2,0,0,0,0,0,0,1,0,0,0,2,0,0,0,0,0,0,0,0,2,1,0,0,0,0,1,0,1,0,0,0,0,3,0,1,2,0,0,0,6,1,0,0,0,4,0,0,0,0,5,0,5,0,0,0
Uppsala,0,0,0,1,6,0,0,0,0,0,0,0,0,0,0,0,0,2,0,0,1,0,0,1,0,1,0,2,1,0,0,2,0,0,0,0,0,1,1,0,0,0,0,5,0,0,0,1,0,0,6,9,0,8,0,0,1,7,0,1,0,1,12,0,1,0,0,0,0,0,0,0,0
Kiruna,0,0,0,1,0,0,0,0,0,0,0,0,1,0,0,0,0,0,0,0,0,0,0,0,1,0,0,0,1,1,0,4,0,0,0,0,0,0,1,0,0,0,0,0,1,0,0,0,0,0,3,7,3,0,1,0,0,5,0,0,0,4,0,0,0,1,0,0,0,0,0,0,0
Sarek National Park,0,0,0,0,1,0,0,0,0,0,0,0,15,0,0,0,0,0,0,0,0,0,0,1,0,1,0,1,3,0,0,1,0,0,0,0,0,0,1,0,4,0,0,0,3,0,0,0,0,0,2,0,0,0,0,0,0,2,0,0,0,9,0,0,1,4,0,0,0,0,0,2,0
Vasa Museum,0,0,0,0,0,0,0,0,0,0,0,0,0,0,0,0,0,0,0,0,0,0,0,0,0,0,0,0,0,0,0,0,0,0,0,0,0,0,1,0,0,0,0,19,0,0,0,0,1,0,2,0,0,0,0,0,0,0,0,0,0,0,0,0,0,0,0,0,0,1,0,0,0
Zurich,0,0,0,0,0,0,0,0,0,0,0,0,2,0,0,0,0,2,0,0,1,0,0,0,4,0,0,3,8,0,2,1,0,1,0,0,3,5,3,0,2,1,5,29,1,0,0,0,0,0,6,1,6,6,0,0,13,15,1,2,3,23,0,3,1,0,9,0,1,1,0,0,0
Geneva,1,0,0,0,0,0,0,0,0,0,0,0,3,0,0,0,0,3,2,0,5,0,0,0,7,0,0,1,8,0,0,1,0,0,0,0,0,1,6,1,0,2,0,10,0,0,0,0,0,0,8,5,5,0,0,0,7,14,1,1,0,10,2,1,0,0,1,0,0,0,0,0,0
Lucerne,0,0,0,0,0,0,0,0,0,0,0,0,1,0,0,0,0,2,0,0,0,0,0,0,2,0,0,1,7,0,0,0,0,0,0,0,1,1,5,0,0,0,0,6,0,2,0,0,0,0,3,1,13,0,0,0,2,5,0,1,0,16,0,0,0,11,4,0,2,0,0,0,0
Interlaken,0,0,0,0,0,0,0,0,0,0,0,0,1,0,0,0,0,2,1,0,1,0,0,0,0,0,0,0,4,0,0,0,0,0,0,0,1,1,5,1,0,1,0,1,0,0,0,0,0,2,2,0,4,4,0,0,1,7,2,0,0,19,0,0,0,1,0,0,19,0,0,0,0
Zermatt,0,0,0,0,0,0,0,0,0,0,0,0,9,0,0,0,0,1,0,0,2,0,0,0,0,0,0,0,5,0,1,1,0,0,0,0,0,0,0,8,0,0,0,3,0,0,0,1,0,0,1,0,0,0,0,0,0,10,0,0,0,0,0,0,1,0,0,0,0,0,0,0,0
Jungfraujoch,0,0,0,0,0,0,0,0,0,0,0,0,1,0,0,0,0,1,0,0,0,0,0,0,0,0,0,0,0,0,0,4,0,0,0,0,0,0,0,0,1,0,0,0,0,0,0,0,0,0,1,0,0,0,0,0,0,0,0,0,0,0,0,0,0,0,0,0,1,0,0,0,0
Rhine Falls,0,0,0,0,0,0,0,0,0,0,0,0,1,0,0,0,0,0,0,0,0,1,0,0,0,0,0,0,1,0,0,0,0,0,0,0,0,0,0,0,0,0,0,1,0,0,0,0,0,0,1,1,0,3,0,0,0,0,0,0,0,3,0,0,1,1,0,0,0,0,8,0,0
Swiss National Park,0,0,0,0,0,0,0,0,1,0,0,0,3,0,0,0,0,2,0,0,0,0,0,0,0,1,0,0,0,0,0,0,0,0,0,0,0,0,0,0,3,0,1,0,0,0,0,0,0,0,1,0,0,0,0,1,0,0,0,0,0,0,0,0,0,0,0,0,0,0,0,0,0
Gruyères,0,0,0,0,0,0,0,0,0,0,0,0,2,0,0,0,1,2,0,0,1,0,0,0,0,0,0,1,4,0,0,0,0,0,0,0,0,0,1,0,0,0,0,5,0,0,0,0,0,0,2,0,0,15,0,0,0,11,2,0,0,1,0,0,0,0,0,0,0,0,0,0,0
Montreux,0,0,0,0,0,0,0,0,0,0,0,0,1,0,0,0,0,4,0,0,6,0,0,0,1,0,0,0,3,0,1,0,0,0,0,0,1,0,1,0,0,0,0,1,0,1,0,0,0,0,1,1,7,2,0,0,0,7,1,2,0,12,0,0,0,0,0,0,1,0,0,0,0
Istanbul,0,0,0,0,0,0,0,0,0,0,0,0,0,0,0,0,0,3,0,1,2,0,2,0,19,0,0,9,12,0,1,2,0,0,0,0,1,13,3,1,0,0,0,8,1,0,0,15,2,0,7,2,14,0,3,0,10,7,3,17,0,2,3,0,7,9,1,2,4,1,0,0,0
Antalya,0,0,0,0,0,0,0,1,0,0,0,0,0,0,0,0,0,8,1,0,0,0,1,0,4,0,0,1,1,0,1,2,0,0,0,0,0,3,3,0,0,0,0,16,1,3,0,5,0,0,3,2,6,0,0,0,1,11,1,0,0,2,0,0,7,1,2,2,0,0,0,0,0
Cappadocia,0,0,0,0,0,0,0,0,0,0,0,0,0,0,0,0,0,3,0,0,0,0,0,1,1,0,0,1,2,0,0,0,0,0,0,0,0,4,0,0,0,0,0,1,2,0,0,0,0,0,7,0,1,2,0,0,1,2,0,0,0,1,0,0,6,0,0,0,1,0,0,0,0
Ephesus,0,0,0,0,0,0,0,0,0,0,0,0,0,0,0,0,0,1,1,0,1,0,0,0,0,0,0,0,1,0,0,0,0,0,0,0,0,1,0,0,0,0,0,6,0,0,0,0,0,0,3,0,0,1,0,0,1,7,0,0,0,0,0,0,17,0,0,1,0,0,0,0,0
Pamukkale,0,0,0,0,0,0,0,0,0,0,0,0,0,0,0,0,0,2,0,0,0,1,0,0,0,0,0,0,0,0,0,1,0,0,0,0,0,0,0,0,0,0,0,4,0,0,0,0,0,1,0,0,0,1,0,0,0,1,0,0,0,0,0,0,1,0,0,0,0,0,0,0,0
Bodrum,0,0,0,0,0,0,0,0,0,0,0,0,0,0,0,0,0,2,1,0,0,0,0,0,0,0,0,1,1,0,2,0,0,0,0,0,4,4,0,0,0,0,0,12,0,0,0,2,0,0,5,0,2,12,2,0,2,0,0,0,0,0,0,0,14,0,0,0,0,3,0,0,0
Fethiye,0,0,0,0,0,0,0,0,0,0,0,0,0,0,0,0,0,1,0,0,0,0,0,0,0,0,0,0,3,0,0,0,0,0,0,0,0,2,0,0,0,0,0,1,0,5,0,0,0,0,1,0,0,0,0,0,0,1,1,0,0,0,0,0,5,0,0,2,0,3,0,0,0
Istanbul Grand Bazaar,1,0,0,0,0,0,0,0,0,0,0,0,0,0,0,0,1,1,2,0,0,0,0,0,0,0,0,0,0,0,0,0,0,0,0,0,0,1,0,0,0,0,0,0,2,0,0,2,0,0,3,0,0,0,0,0,0,0,29,3,0,0,0,0,2,0,0,0,0,0,0,0,0
Topkapi Palace,0,0,0,0,0,0,0,0,0,0,0,0,0,0,0,0,1,1,0,0,2,0,0,0,0,0,0,0,0,0,0,0,0,0,0,0,4,1,5,0,0,0,0,17,1,0,0,0,0,0,5,0,0,0,0,0,3,3,0,129,0,0,0,0,1,0,0,0,0,0,0,0,0
Blue Mosque,0,0,0,0,0,0,0,0,0,0,0,0,0,0,0,0,0,1,0,0,0,0,0,0,0,0,0,0,5,0,0,0,0,0,0,0,2,4,2,0,0,0,0,1,0,0,0,0,0,0,4,1,0,0,0,0,1,0,1,0,0,0,0,0,2,1,0,0,0,0,0,0,0
Kyiv,2,2,0,0,1,0,0,0,0,0,0,0,0,0,0,0,0,10,0,0,1,0,0,0,4,0,0,9,6,0,0,1,0,0,0,0,6,7,3,0,0,0,0,15,1,0,0,1,0,0,12,4,0,3,0,0,9,3,5,4,0,0,5,2,4,2,1,0,2,0,0,0,0
Lviv,0,4,0,0,0,0,0,0,5,0,0,0,0,0,0,0,1,7,0,3,0,0,0,0,5,0,0,22,9,1,0,0,0,0,0,0,2,14,3,1,1,1,10,17,2,0,0,0,0,0,12,5,16,11,0,8,26,28,5,4,0,1,11,3,6,0,4,0,0,1,0,0,0
Odessa,0,2,0,0,0,0,0,0,1,0,0,0,0,0,0,0,0,3,1,2,1,0,3,0,6,0,0,2,7,0,0,1,0,0,0,1,3,9,0,0,0,0,0,10,2,4,0,3,0,1,9,1,3,1,2,0,9,4,6,3,1,0,2,1,8,0,0,5,0,0,0,0,0
Chernobyl Exclusion Zone,0,0,0,0,0,0,0,0,0,0,0,0,0,0,0,0,0,0,0,0,1,0,0,0,1,0,0,0,2,1,1,0,0,0,0,0,1,2,0,0,0,0,0,0,1,0,0,0,0,0,1,0,2,0,0,0,1,2,1,0,0,1,0,0,0,0,0,0,0,0,0,0,0
Carpathian Mountains,0,0,0,0,0,0,0,0,0,0,0,0,0,0,0,0,0,0,0,0,0,0,0,0,0,0,0,0,0,0,0,0,0,0,0,0,0,1,0,0,0,0,0,0,0,0,0,0,0,0,0,0,0,0,0,0,0,0,0,0,0,0,0,0,0,0,0,0,0,0,0,0,0
Kharkiv,1,1,0,0,0,0,0,0,0,0,0,0,0,0,0,0,1,5,0,2,8,0,0,0,2,2,0,6,11,0,0,0,0,0,2,0,1,4,1,0,0,0,1,21,1,0,0,1,0,0,7,7,3,0,0,1,6,8,15,3,0,0,11,0,0,1,0,0,2,0,0,0,0
Dnipro,0,1,0,0,0,0,0,0,0,0,0,0,0,0,0,0,0,6,0,1,3,0,0,0,9,1,0,3,4,0,0,2,0,0,0,0,0,10,0,0,0,0,0,5,2,0,0,0,0,0,10,5,0,0,0,0,3,10,2,3,1,0,9,0,0,1,1,0,1,2,0,0,0
Lviv Opera House,1,0,0,0,0,0,0,0,1,0,0,0,0,0,0,0,0,0,0,0,0,0,0,0,0,0,0,2,0,0,0,0,0,0,0,0,1,0,0,0,0,0,0,0,0,0,0,0,0,0,1,0,0,0,0,0,1,0,0,0,0,0,0,3,0,0,0,0,0,0,0,0,0
Pechersk Lavra,0,1,0,0,0,0,0,0,0,0,0,0,0,0,0,0,0,5,0,0,0,0,0,0,0,0,0,8,0,0,0,0,0,0,0,0,0,1,0,0,0,0,0,8,0,0,0,0,0,0,4,0,0,0,0,0,2,43,0,0,0,0,8,0,2,0,0,0,21,0,0,0,0
London,2,0,0,0,0,0,0,0,0,0,0,0,0,0,0,1,1,0,2,3,4,0,0,0,12,0,0,4,14,0,0,2,0,0,0,0,2,17,9,0,0,0,2,16,0,0,0,4,0,0,9,7,7,0,0,0,14,6,2,12,0,1,8,2,3,9,0,0,0,1,0,0,0
Edinburgh,1,0,0,0,0,0,0,0,0,0,0,0,0,0,0,0,0,7,0,0,2,0,2,0,6,1,0,3,3,0,0,0,0,0,0,0,3,9,14,0,0,0,0,9,0,1,1,8,1,0,7,8,17,22,1,1,11,18,2,5,0,0,4,0,3,2,17,0,1,2,0,0,0
Manchester,0,0,0,0,0,0,0,0,0,0,0,0,0,0,0,1,0,0,0,0,1,0,0,0,8,1,0,1,3,0,1,2,0,0,0,0,0,3,7,0,0,0,7,10,0,0,0,2,0,0,9,2,5,1,0,0,5,1,4,1,0,0,7,1,1,0,0,0,0,0,0,0,0
Liverpool,0,0,0,0,1,0,0,0,0,0,0,0,0,0,0,1,0,4,0,3,2,0,1,0,12,1,1,12,11,0,0,3,0,1,0,0,6,8,7,0,0,0,2,6,2,1,0,3,0,0,16,19,11,7,5,0,13,10,2,1,0,0,8,0,1,0,0,0,0,2,0,0,0
Cambridge,0,0,0,0,0,0,0,0,0,0,0,0,0,0,0,1,0,1,0,0,1,0,0,0,3,0,0,3,2,0,0,1,0,0,0,0,2,5,11,0,0,0,3,15,0,0,0,3,0,0,9,20,19,10,0,0,7,19,5,0,0,0,1,0,2,2,0,0,0,0,0,0,0
Lake District,0,0,0,0,0,0,0,0,0,0,0,0,0,0,0,0,0,0,0,0,0,0,0,0,0,0,0,0,0,0,0,0,0,0,0,0,0,0,0,0,0,0,0,0,0,0,0,0,0,0,0,0,0,0,0,0,0,0,0,0,0,3,0,0,0,0,0,0,0,0,0,0,2
Yorkshire Dales,0,0,0,0,0,0,0,0,0,0,0,0,0,0,0,0,0,0,0,0,0,2,0,0,0,0,0,1,1,0,0,0,0,0,0,0,1,0,1,0,3,0,0,0,0,0,0,0,0,1,0,0,0,0,0,0,0,0,2,0,0,1,0,0,0,2,0,0,0,0,0,0,0
The Cotswolds,0,1,0,0,0,0,0,0,0,0,0,0,0,0,0,0,0,2,0,0,23,0,0,0,10,1,0,1,0,0,0,0,0,0,0,0,2,5,1,0,0,0,0,0,1,0,0,0,0,0,8,0,0,0,0,0,0,9,0,0,0,0,0,0,0,0,0,0,0,1,0,0,0
Stonehenge,3,1,0,0,0,0,0,0,0,0,0,0,0,0,0,4,1,0,1,0,6,0,0,5,1,1,0,4,13,0,0,0,0,0,0,0,3,14,0,0,0,1,0,0,6,0,0,0,0,0,9,2,0,0,0,0,14,11,9,0,0,3,0,0,1,0,0,0,0,12,0,0,0
Scottish Highlands,0,0,0,0,0,0,0,0,0,0,0,0,0,0,0,2,0,3,0,0,0,0,1,2,0,0,0,2,0,2,0,0,0,0,0,0,1,1,0,0,0,0,0,0,1,0,0,0,0,0,4,0,0,0,0,0,0,10,1,0,0,0,0,0,1,0,0,0,0,1,0,0,0
Luxembourg City,1,0,0,0,0,0,0,0,0,0,0,0,0,0,0,0,0,1,0,0,0,0,0,0,1,0,0,0,0,0,0,0,0,0,0,0,0,1,0,0,0,0,0,4,0,0,0,0,0,0,5,0,0,5,0,0,4,4,0,1,0,0,2,0,0,3,0,0,0,0,0,0,0
Vianden,0,0,0,0,0,0,0,0,0,0,0,0,0,0,0,0,0,1,0,0,0,0,0,0,0,0,0,0,0,0,0,0,0,0,0,0,0,0,1,0,0,0,1,4,0,0,0,0,0,0,3,0,0,13,0,0,1,3,1,0,0,0,0,0,0,1,0,0,0,0,0,0,0
Esch-sur-Alzette,0,0,0,0,0,0,0,0,0,0,0,0,0,0,0,0,0,0,0,0,0,0,0,0,0,0,0,1,0,0,0,0,0,0,0,0,0,1,0,0,0,0,0,0,0,0,0,2,0,0,2,0,0,0,0,0,0,1,0,0,0,0,0,0,0,0,0,0,0,0,0,0,0
Luxembourg American Cemetery and Memorial,0,0,0,0,0,0,0,0,0,0,0,0,0,0,0,0,0,0,0,0,0,0,0,0,0,0,0,0,0,0,0,0,0,0,0,0,0,0,0,0,0,0,0,0,0,0,0,0,0,0,1,0,0,0,0,0,0,0,0,0,0,0,0,0,0,0,0,0,0,0,0,0,0
Beaufort Castle,0,0,0,0,0,0,0,0,0,0,0,0,0,0,0,0,0,0,0,0,0,0,0,0,0,0,0,0,0,0,0,0,0,0,0,0,0,0,0,0,0,0,0,0,0,0,0,0,0,0,1,0,0,10,0,0,0,0,1,0,0,0,0,0,0,0,0,0,0,0,0,0,0
Vianden Castle,0,0,0,0,0,0,0,0,0,0,0,0,0,0,0,0,0,0,0,0,0,0,0,0,0,0,0,0,0,0,0,0,0,0,0,0,0,1,0,0,0,0,0,0,0,0,0,0,0,0,1,0,0,26,0,0,0,0,0,2,0,0,0,0,1,0,0,0,0,0,0,0,0
Grund,0,0,0,0,0,0,0,0,0,0,0,0,0,0,0,0,0,0,0,0,0,0,0,0,0,0,0,0,1,0,0,0,0,0,0,0,0,0,0,0,0,0,0,0,0,0,0,0,0,0,0,0,0,0,0,0,0,0,0,0,0,0,0,0,0,0,0,0,0,0,0,0,0
Bettembourg,0,0,0,0,0,0,0,0,0,0,0,0,0,0,0,0,0,0,0,0,0,0,0,0,0,0,0,0,0,0,0,0,0,0,0,0,0,0,0,0,0,0,0,0,0,0,0,0,0,0,1,6,0,0,0,0,0,0,0,0,0,0,0,0,0,0,0,0,0,0,0,0,0
Valletta,0,0,0,0,0,0,0,0,0,0,0,0,0,0,0,0,0,0,0,0,0,0,0,0,2,0,0,1,1,0,0,0,0,0,0,0,1,2,0,0,0,0,0,2,0,0,0,1,0,0,4,5,2,0,3,0,2,4,1,5,0,0,2,2,0,0,0,1,0,4,0,0,0
Mdina,0,0,0,0,0,0,0,0,0,0,0,0,0,0,0,0,0,0,0,0,0,0,0,0,0,0,0,0,2,0,0,0,0,0,0,0,0,1,0,0,0,0,0,1,0,0,0,0,0,0,2,0,0,2,0,0,0,3,0,0,0,0,2,0,3,0,0,0,1,6,0,0,0
Marsaxlokk,0,0,0,0,0,0,0,0,0,0,0,0,0,0,0,0,0,2,0,0,0,0,0,0,0,0,0,1,1,0,0,0,0,0,0,0,2,4,0,0,0,0,0,0,0,1,0,0,2,0,3,0,0,0,0,0,0,4,4,0,0,0,0,0,1,0,0,0,1,3,0,0,0
St. Paul's Bay,0,0,0,0,0,0,0,0,0,0,0,0,0,0,0,0,0,0,0,0,0,1,0,0,0,0,0,0,1,0,0,0,0,0,0,0,0,0,0,0,0,0,0,0,0,0,0,1,1,0,1,4,0,0,0,1,0,1,0,0,0,0,0,0,0,0,0,0,0,3,0,0,0
Rabat,0,0,0,0,0,0,0,0,0,0,0,0,0,0,0,0,0,0,0,0,1,0,0,0,0,0,0,0,0,0,0,0,0,0,0,0,0,0,0,0,0,0,0,0,0,0,0,0,0,0,0,3,0,0,0,0,0,0,0,0,0,0,0,0,2,0,0,0,0,1,0,0,0
Mosta,0,0,0,0,0,0,0,0,0,0,0,0,0,0,0,0,0,1,0,0,0,0,0,0,0,0,0,1,2,0,0,0,0,0,0,0,0,0,0,0,0,0,0,1,0,0,1,0,0,0,2,0,0,0,0,0,0,9,0,0,0,0,0,0,0,0,0,0,0,0,0,0,0
Marsaskala,0,0,0,0,0,0,0,0,0,0,0,0,0,0,0,0,0,0,0,0,0,0,0,0,7,2,0,0,1,0,0,0,0,0,0,0,1,1,1,0,0,0,0,1,0,0,0,1,0,0,2,7,0,0,0,0,0,11,1,4,0,0,0,0,1,0,0,0,0,2,0,0,0
Gozo,0,0,0,0,0,0,0,0,0,0,0,0,0,0,0,0,0,0,0,0,0,1,0,0,0,0,0,1,3,0,0,0,0,0,0,0,0,1,0,0,0,0,0,0,0,2,0,0,0,0,4,2,0,0,0,0,1,2,0,0,0,0,2,0,3,7,0,0,0,34,0,0,0
Comino,0,0,0,0,0,0,0,0,0,0,0,0,0,0,0,0,0,0,0,0,0,0,0,0,0,0,0,0,2,1,0,0,0,0,0,0,0,0,0,0,0,1,0,1,0,1,0,0,0,0,3,1,0,0,1,0,1,0,0,0,0,0,0,0,1,0,0,0,0,17,0,0,0
Reykjavik,1,0,0,0,2,0,0,0,0,0,0,0,0,0,0,0,0,0,0,0,2,0,1,0,4,1,0,7,2,0,0,2,0,0,0,0,1,8,2,0,0,0,0,10,0,1,0,3,0,0,5,12,3,0,2,0,6,1,0,0,0,1,0,0,0,0,0,0,0,0,0,0,0
Blue Lagoon(spa),0,0,0,0,0,0,0,0,0,0,0,0,0,0,0,0,0,0,0,0,2,0,0,0,0,0,0,0,1,0,0,0,0,0,0,0,0,0,1,0,0,0,0,0,0,0,0,0,0,3,1,0,0,0,0,0,0,0,0,0,0,1,0,0,0,0,0,0,0,1,0,0,0
Golden Circle,0,0,0,0,0,0,0,0,0,0,0,0,0,0,0,0,0,0,0,0,0,0,0,0,0,0,0,0,0,0,0,0,0,0,0,0,0,0,0,0,0,0,0,0,0,0,0,0,0,0,0,0,0,0,0,0,0,0,0,0,0,0,1,0,0,0,0,0,0,0,1,0,0
Skaftafell National Park,0,0,0,0,0,0,0,0,0,0,0,0,0,0,0,0,0,0,0,0,1,0,0,0,0,0,0,1,1,0,1,1,0,0,0,0,1,0,0,0,2,0,0,1,0,0,0,0,0,0,3,0,0,0,0,0,0,0,0,0,0,0,0,0,0,1,0,0,0,0,1,0,0
Vatnajökull National Park,0,0,0,0,0,0,0,0,0,0,0,0,0,0,0,0,0,1,0,0,0,1,0,0,0,0,0,0,0,0,0,3,1,1,0,0,0,0,0,0,0,0,0,0,0,0,0,0,0,0,1,0,0,0,0,0,0,0,0,0,0,0,0,0,0,0,0,0,0,0,1,3,0
Akureyri,0,0,0,0,0,0,0,0,0,0,0,0,0,0,0,0,0,0,0,0,1,0,2,0,2,1,0,2,1,0,0,2,0,0,0,0,0,0,1,0,0,0,0,9,0,0,0,0,0,0,3,3,2,0,1,0,1,2,0,0,1,1,0,0,0,0,0,0,0,3,0,0,3
Westfjords,0,0,0,0,0,0,0,0,0,0,0,0,0,0,0,0,0,0,0,0,0,0,0,1,0,0,0,0,0,0,0,1,0,0,0,0,1,0,0,0,0,0,0,1,0,0,0,0,0,0,0,0,0,0,0,0,0,0,0,0,0,0,0,0,0,0,0,0,0,0,0,0,0
Jökulsárlón Glacier Lagoon,0,0,0,0,0,0,0,0,0,0,0,0,0,0,0,0,0,0,0,0,0,0,0,0,0,0,0,0,1,0,0,0,0,0,0,0,0,0,0,0,1,0,0,0,0,3,0,0,0,0,1,0,0,0,0,0,0,0,0,0,0,21,0,0,1,4,0,0,0,0,0,0,1
Reynisfjara Black Sand Beach,0,0,0,0,0,0,0,0,0,0,0,0,0,0,0,0,0,0,0,0,0,0,1,0,0,0,0,0,1,0,0,0,0,0,0,0,0,0,0,0,0,0,0,0,0,6,1,0,0,0,0,0,0,0,0,0,0,0,0,0,0,0,0,0,0,0,0,0,0,0,0,0,0
Belgrade,0,0,1,0,0,0,0,3,1,0,0,0,0,0,0,0,0,1,1,2,0,0,0,0,12,3,0,8,8,0,1,0,0,0,0,0,4,6,0,0,1,0,1,28,1,0,0,1,0,0,3,0,10,1,0,1,12,9,2,3,0,3,3,1,2,12,1,0,1,5,0,0,0
Novi Sad,0,0,0,0,0,0,0,0,0,0,0,0,0,0,0,0,0,1,0,0,1,1,0,1,10,0,0,12,2,0,1,2,0,0,0,0,3,4,1,0,2,0,1,3,2,0,0,0,0,0,2,2,6,0,1,0,4,2,0,0,0,1,0,0,1,9,2,0,0,0,0,0,0
Niš,0,0,0,0,0,0,0,1,3,0,0,0,0,0,0,0,0,2,0,0,0,0,0,0,5,0,0,1,1,0,0,2,0,0,0,0,1,0,0,0,1,0,0,1,1,0,0,0,0,2,4,0,1,0,0,5,1,0,1,0,0,0,0,0,4,0,0,0,0,0,0,0,0
Belgrade Fortress,0,0,0,0,0,0,0,1,1,0,0,0,0,0,0,0,0,4,0,0,2,1,0,0,9,0,0,13,3,0,0,0,0,0,0,0,1,11,4,0,0,0,0,19,2,0,0,0,0,0,15,1,2,1,0,3,3,30,0,1,0,1,2,0,2,7,0,0,1,3,0,0,0
Tara National Park,0,0,0,0,0,0,0,1,0,0,0,0,1,0,0,0,0,0,0,0,1,1,0,1,0,0,0,2,1,0,0,0,0,0,0,0,0,1,1,0,1,0,0,1,0,0,0,0,0,0,2,0,0,0,0,0,0,1,0,0,0,5,0,0,2,0,0,0,6,0,3,7,0
Kopaonik,0,0,0,0,0,0,0,1,0,0,0,0,0,0,0,0,0,1,0,0,0,0,0,0,0,0,0,0,0,0,2,2,0,0,0,0,0,1,0,6,0,0,0,1,0,0,0,0,0,2,2,0,0,1,0,0,0,1,0,0,0,0,0,0,1,0,0,0,2,0,1,0,0
Novi Sad Fortress,0,0,0,0,0,0,0,0,0,0,0,0,0,0,0,0,0,1,0,0,1,1,0,1,10,0,0,12,2,0,1,2,0,0,0,0,3,4,1,0,2,0,1,3,2,0,0,0,0,0,2,2,6,0,1,0,4,2,0,0,0,1,0,0,1,9,2,0,0,0,0,0,0
Sremski Karlovci,1,2,0,0,0,0,0,0,0,0,0,0,0,0,0,0,0,3,0,0,0,0,0,0,1,0,0,3,0,0,0,0,0,0,0,0,0,1,0,0,0,0,0,0,0,0,0,0,0,0,2,0,0,0,0,0,0,6,0,2,0,0,1,0,3,0,0,0,1,0,0,0,0
Subotica,0,0,0,0,0,0,0,2,3,0,0,0,0,0,0,0,0,1,0,0,1,0,0,0,2,0,0,2,0,0,0,0,0,0,0,0,1,1,0,0,0,0,0,0,1,0,0,0,0,1,3,1,3,1,0,0,5,4,2,2,0,1,1,0,0,0,1,0,0,0,0,0,0
Vrnjačka Banja,0,0,1,0,0,0,0,0,0,0,0,0,0,0,0,0,0,0,0,0,0,0,0,0,1,0,0,1,1,0,0,0,0,0,0,0,0,0,0,0,0,0,0,0,0,0,0,0,0,3,0,0,1,0,0,0,1,0,0,0,0,0,0,0,0,2,0,0,3,0,0,0,0
