destination,Western Europe,Eastern Europe,Southern Europe,Northern Europe,Scandinavia,Nordic countries,Mediterranean coast,The Balkans,Central Europe,Baltic States,French Riviera,Amalfi Coast,Alpine,Iberian Peninsula,Benelux,British Isles,Romantic,Historical,Luxury,Budget,Children,Scenic,Coastal,Mountainous,Urban,Countryside,Adventure,Cultural,Popular,Remote,Sunny,Snow,Relax,Traditional,Modern,Green,Skiing,Hiking,Wine,Cycling,Museum,Food,Beach,Photography,Shopping,Sailing,Spa,History,Snowboard,Club,Festival,Castle,Cruise,Camp,Art,Church,Market,Palace,Botanical Garden,Lake,Cathedral,Opera House,Ancient,Bridge,Old Town,Harbor,Monastery,Island,Waterfall,Canyon,Fjord,
Rome,1,0,0,0,0,0,0,2,0,0,0,0,0,1,0,0,0,1,3,0,5,0,0,0,7,0,0,10,10,0,0,1,0,2,19,6,0,0,2,1,2,7,0,0,0,0,0,9,0,1,1,0,0,0,15,17,2,1,1,0,2,1,34,5,0,0,0,1,0,0,0,170
Florence(Italy),0,0,0,1,0,0,0,0,0,0,0,0,0,0,0,0,0,1,1,0,2,0,0,0,4,0,0,8,2,0,0,1,0,4,9,1,0,0,4,1,10,7,0,0,1,0,0,8,0,2,0,0,0,1,35,10,3,8,0,0,11,1,1,7,0,0,2,0,0,0,0,146
Venice,1,0,1,0,0,0,0,0,2,0,0,0,1,0,0,0,1,7,3,1,2,0,1,0,3,1,1,8,9,0,0,1,0,2,6,0,0,0,1,0,1,1,1,2,2,2,0,7,0,11,4,0,32,0,7,4,1,3,0,1,1,0,5,5,0,0,1,11,0,0,0,154
Milan,0,1,1,1,0,0,0,0,0,0,0,0,0,0,0,0,3,5,3,0,0,0,0,0,21,0,0,6,3,0,0,2,0,5,17,2,0,0,4,3,9,1,0,1,2,0,0,11,0,4,1,2,0,0,32,10,1,2,1,3,7,0,11,0,0,0,1,1,0,0,0,177
Naples,0,0,1,0,0,0,0,0,0,0,0,1,0,1,0,0,1,7,0,0,2,0,2,0,10,0,1,6,13,0,0,1,0,4,7,1,0,0,1,0,6,2,1,0,0,2,0,11,0,3,5,6,1,0,13,3,1,8,1,0,2,2,7,2,0,1,1,3,0,0,0,140
Cinque Terre(Italy),0,0,0,0,0,0,0,0,0,0,0,0,0,0,0,0,0,0,0,0,0,0,1,0,0,0,0,1,4,0,0,0,0,2,0,0,0,0,3,0,0,1,0,0,0,0,0,1,0,0,0,0,0,0,0,0,0,0,0,0,0,0,1,0,0,0,0,0,0,0,0,14
Amalfi Coast(Italy),0,0,0,0,0,0,0,0,0,0,0,14,0,0,0,0,0,0,0,0,0,0,0,0,0,0,0,0,2,0,0,0,0,1,0,0,0,0,0,0,0,0,0,0,0,0,0,1,0,0,0,0,0,0,0,0,0,0,0,0,0,0,0,0,0,0,0,1,0,0,0,19
Pisa,0,0,0,0,0,0,0,0,0,0,0,0,0,0,0,0,0,1,0,0,0,0,1,0,3,1,0,4,0,0,0,1,0,2,2,0,0,0,0,0,4,0,0,0,0,1,0,7,0,1,9,1,0,1,1,11,0,8,3,0,7,0,5,7,2,0,0,1,0,0,0,84
Lake Como(Italy),0,0,0,0,0,0,0,0,0,0,0,0,4,0,0,0,1,3,2,0,0,4,0,3,0,0,0,8,6,0,0,0,0,8,2,1,0,2,0,1,1,1,0,0,0,1,0,5,0,0,1,0,0,0,0,0,1,0,1,81,0,0,4,0,0,0,2,0,0,0,0,143
Verona,0,0,0,0,0,0,0,0,0,0,0,0,0,0,0,0,0,1,0,0,1,0,0,0,1,0,0,0,2,0,0,0,0,1,1,0,0,0,0,1,2,0,0,0,0,0,0,2,0,1,1,1,0,0,3,16,0,1,0,1,1,0,3,4,0,0,0,0,0,0,0,44
Barcelona,0,0,0,0,0,0,2,0,0,0,0,0,0,3,0,0,0,6,1,0,1,0,0,0,18,0,0,5,5,0,0,1,0,1,8,1,0,0,0,1,25,0,4,0,0,0,0,9,0,6,2,4,1,4,7,4,0,0,3,0,4,1,6,0,0,0,1,2,0,0,0,136
Madrid,0,0,0,0,0,0,0,0,1,0,0,0,0,4,0,0,0,3,0,0,0,0,0,0,12,0,0,16,2,0,3,2,0,4,4,6,0,0,0,1,40,2,0,0,0,0,0,11,0,11,4,0,0,0,26,7,7,18,1,0,1,2,1,2,0,0,1,2,0,0,0,194
Seville,1,0,0,0,0,0,0,0,0,0,0,0,0,4,0,0,1,7,0,0,0,0,0,0,9,0,0,5,4,0,1,0,0,5,6,1,0,0,0,0,22,1,0,0,0,2,0,9,0,3,1,1,2,0,5,9,3,16,1,0,13,0,5,5,1,0,2,2,0,0,0,147
Valencia,0,0,0,1,0,0,1,0,0,0,0,0,0,6,0,0,0,1,0,0,1,0,1,0,5,0,0,8,4,0,0,1,0,4,8,2,0,0,1,0,16,1,2,1,0,0,0,5,0,4,4,0,0,0,11,5,3,6,1,1,12,1,5,1,0,0,0,0,0,0,0,123
Granada,0,0,0,0,0,0,1,0,0,0,0,0,2,6,0,0,1,5,0,0,0,0,0,0,4,0,0,8,2,0,0,1,1,5,4,2,1,0,0,0,6,2,0,0,0,0,0,8,0,0,4,0,0,0,5,21,1,26,0,0,8,0,2,0,0,0,8,0,0,0,0,134
Málaga,1,1,0,0,0,1,0,0,1,0,0,0,0,3,0,0,0,1,0,0,0,0,2,0,6,0,0,3,3,0,0,1,0,2,0,0,0,0,2,1,10,0,1,0,1,0,0,3,0,7,3,4,1,0,1,5,1,3,0,0,3,0,1,0,1,0,0,0,0,0,0,73
Bilbao,0,0,0,0,0,1,1,0,0,0,0,0,0,1,0,0,0,3,0,0,0,0,3,0,12,1,0,2,4,0,0,2,0,2,5,3,0,1,4,0,18,0,1,0,0,1,0,3,0,5,6,1,0,0,9,7,2,0,0,0,2,0,2,11,4,0,1,2,0,0,0,120
Ibiza,0,0,0,0,0,0,0,0,0,0,0,0,0,3,0,0,0,0,1,0,0,0,0,0,0,0,0,3,3,0,2,0,0,0,0,1,0,0,0,0,0,0,1,1,0,1,0,2,0,7,1,0,0,0,1,0,2,0,0,0,0,0,0,0,1,0,0,50,0,0,0,80
Majorca,0,0,0,0,0,0,0,0,0,0,0,0,0,1,0,0,0,0,0,0,0,0,2,2,1,0,0,1,5,0,0,1,0,2,3,0,0,2,0,3,3,0,1,0,0,0,0,4,0,1,3,0,0,1,2,0,1,0,0,0,3,1,0,0,0,0,0,58,0,0,0,101
San Sebastián,0,0,0,0,0,0,0,0,0,0,0,0,0,0,0,0,1,1,0,0,1,0,1,0,8,0,0,7,3,0,0,0,0,10,7,0,0,0,0,2,0,0,4,0,0,0,0,3,0,5,22,0,0,0,1,4,0,7,0,0,0,0,1,3,8,0,2,1,0,0,0,102
Paris,1,0,0,0,0,0,0,0,0,0,0,0,0,1,0,0,2,5,3,1,2,0,0,0,10,0,0,5,16,0,0,1,0,2,13,1,0,0,0,1,10,6,1,5,1,0,0,11,0,11,4,0,0,1,27,2,6,8,1,0,3,1,1,2,0,0,0,1,0,0,0,166
Nice,0,1,0,1,0,0,1,0,0,0,1,0,0,0,0,0,0,3,1,0,1,0,0,0,6,0,0,0,1,1,4,1,0,4,2,4,0,0,0,1,3,1,4,0,1,0,0,6,0,4,2,3,0,1,5,2,1,0,0,1,2,0,3,1,6,0,1,1,0,0,0,81
Marseille,2,0,1,0,0,0,0,0,0,0,3,0,0,0,0,0,0,3,1,0,0,0,2,1,5,0,0,10,5,0,1,0,0,2,3,1,0,0,0,0,8,4,0,0,3,3,0,9,0,6,2,0,1,0,10,2,5,0,1,0,5,3,5,0,1,0,0,0,0,0,1,109
Lyon,0,0,0,0,0,0,0,0,0,0,0,0,0,0,0,0,0,2,0,0,1,0,0,0,7,0,0,2,2,0,0,0,0,2,7,0,0,0,2,0,15,3,0,0,0,0,0,6,0,6,2,0,0,0,7,10,1,0,2,1,1,2,4,0,0,0,1,0,0,0,0,86
Bordeaux,0,0,0,0,0,0,0,0,0,0,0,0,0,0,0,0,0,0,0,0,1,0,0,0,10,0,0,2,1,0,0,0,0,0,4,1,0,0,21,2,12,1,0,0,3,0,0,11,0,0,4,0,0,0,3,8,0,0,0,1,4,0,1,17,1,0,0,2,0,0,0,110
Strasbourg,1,0,0,0,0,0,0,0,0,0,0,0,0,0,0,0,0,2,0,0,2,0,0,0,1,0,0,2,1,0,1,0,0,1,4,1,0,0,0,0,8,0,0,1,0,0,0,9,0,1,11,2,0,1,9,2,1,1,1,0,10,1,4,2,0,1,0,1,0,0,0,82
Cannes,0,0,0,0,0,0,0,0,0,0,1,0,0,0,0,0,1,0,6,0,0,0,0,0,0,0,0,0,0,0,0,0,0,0,0,0,0,0,0,0,2,0,2,0,0,0,0,3,0,6,16,1,1,0,2,3,1,1,0,0,0,0,2,1,1,0,1,4,0,0,0,55
Mont Saint-Michel,0,0,0,0,0,0,0,0,0,0,0,0,0,0,0,0,0,2,0,0,0,0,2,0,0,0,0,1,1,0,0,0,0,2,2,0,0,1,0,0,0,0,0,0,0,0,0,3,0,0,0,3,0,0,3,6,0,0,0,0,0,0,0,5,0,0,2,23,0,0,0,56
Loire Valley,0,0,0,0,0,0,0,0,0,0,0,0,0,0,0,0,0,0,0,0,0,0,0,0,0,0,0,2,0,0,0,0,0,0,0,0,0,0,5,1,2,1,0,0,0,0,0,1,0,0,0,1,0,0,5,0,1,0,0,0,0,0,0,1,0,0,0,0,0,0,0,20
French Alps(France),0,0,0,0,0,0,0,0,0,0,0,0,0,0,0,0,0,0,0,0,0,0,0,0,0,0,0,0,0,0,0,0,0,0,0,0,1,1,0,0,0,0,0,0,0,0,0,0,0,0,0,0,0,0,0,0,0,0,0,0,0,0,0,0,0,0,0,0,0,0,0,2
Vienna,0,1,0,0,0,0,0,0,0,0,0,0,1,0,0,0,0,6,0,0,4,0,0,0,3,0,0,4,14,0,0,4,0,4,10,4,0,0,10,2,38,3,0,0,1,1,0,14,0,2,4,0,0,3,16,13,2,9,0,4,2,1,0,0,0,0,1,6,0,0,0,187
Salzburg,0,1,0,0,0,0,0,0,0,0,0,0,1,0,0,0,1,1,0,0,2,0,0,0,7,0,0,1,2,0,0,0,0,0,3,2,3,0,0,0,7,0,0,0,2,0,0,3,0,4,6,3,0,6,2,11,1,6,0,0,12,2,0,1,10,0,5,0,0,0,0,105
Innsbruck,0,0,0,0,0,0,0,0,1,0,0,0,8,0,0,0,0,0,0,0,2,0,0,1,1,0,0,2,1,0,1,0,0,0,1,1,2,0,0,0,8,0,0,0,0,0,0,4,1,1,2,5,0,4,2,27,0,1,0,1,1,2,0,4,1,0,0,0,0,0,0,85
Hallstatt,0,0,0,0,0,0,0,0,0,0,0,0,0,0,0,0,0,0,0,0,1,0,0,0,0,0,0,2,1,0,0,0,0,0,0,0,0,0,0,0,3,0,0,0,0,0,0,2,0,0,0,0,0,0,0,0,0,0,0,3,0,0,1,0,0,0,0,0,0,0,0,13
Graz,0,0,0,0,0,0,0,0,4,0,0,0,1,0,0,0,1,2,0,0,3,0,0,0,2,0,0,5,2,0,0,0,0,0,1,3,0,0,1,0,31,0,0,1,1,0,1,5,0,3,1,18,0,0,6,7,0,7,1,1,2,2,0,0,2,0,0,4,0,0,0,118
Zell am See(Austria),0,0,0,0,0,0,0,0,0,0,0,0,14,0,0,0,0,0,2,0,0,0,0,0,0,0,0,0,3,0,0,3,0,0,0,1,3,0,0,1,1,1,0,0,0,0,0,2,1,3,2,6,0,0,0,8,1,0,0,10,0,0,0,0,1,0,1,0,0,0,0,64
Wachau Valley,0,0,0,0,0,0,0,0,0,0,0,0,0,0,0,0,1,4,0,0,0,2,0,0,1,0,0,3,2,0,0,0,0,0,3,0,0,0,14,0,3,0,0,0,0,0,0,10,0,0,0,21,0,0,2,10,1,0,0,0,0,0,5,0,2,0,8,0,0,0,0,92
Bregenz,0,0,0,0,0,0,0,0,2,0,0,0,2,0,0,0,0,0,0,2,2,0,0,0,0,0,0,0,0,0,0,0,0,1,2,0,1,0,0,0,3,1,0,0,0,1,0,4,0,2,15,1,1,2,3,5,0,1,0,12,0,0,0,0,1,0,1,0,0,0,0,65
Vienna Woods,0,0,0,0,0,0,0,0,0,0,0,0,1,0,0,0,0,0,0,0,0,0,0,0,1,0,0,0,1,0,0,0,0,0,0,0,0,0,0,0,0,0,0,0,0,0,0,1,0,0,0,0,0,0,0,0,0,0,0,0,0,0,0,0,0,0,0,0,0,0,0,4
Bad Gastein,0,0,0,0,0,0,0,0,0,0,0,0,4,0,0,0,0,0,0,0,0,0,0,0,1,0,0,0,3,1,0,0,0,0,1,0,2,0,0,0,2,1,0,0,0,0,10,2,0,0,0,0,0,0,0,0,0,2,0,0,0,0,1,0,0,0,0,0,2,0,0,32
Brussels,2,0,0,0,0,0,0,0,0,0,0,0,0,0,1,0,0,6,2,0,1,0,1,0,8,0,0,9,7,0,0,0,0,3,7,3,0,0,0,3,9,2,2,0,9,0,0,9,0,7,9,0,0,0,13,7,4,19,1,0,6,0,2,0,0,0,0,2,0,0,0,154
Bruges,0,0,0,0,1,0,0,0,0,0,0,0,0,0,0,0,0,3,0,0,2,0,2,0,0,0,0,2,2,0,0,0,0,0,3,0,0,0,0,1,13,0,0,0,1,0,0,3,0,2,0,0,0,0,2,5,5,0,0,0,3,0,0,5,0,1,0,0,0,0,0,56
Ghent,0,0,0,1,0,0,0,0,0,0,0,0,0,0,0,0,1,0,0,0,1,0,0,0,0,0,0,1,0,0,0,0,0,1,2,0,0,0,0,4,9,2,0,0,1,0,0,3,0,1,8,1,0,0,3,5,0,0,0,0,3,1,0,0,0,0,0,0,0,0,0,48
Antwerp,0,0,0,0,0,0,0,0,0,0,0,0,0,0,1,0,0,5,0,0,0,0,0,0,7,0,0,7,10,0,0,0,0,0,1,3,0,0,0,0,22,1,0,1,0,0,0,9,0,6,10,6,1,0,9,5,3,2,0,0,2,0,0,2,0,0,0,0,0,0,0,113
Leuven,0,0,0,0,0,0,0,0,1,0,0,0,0,0,0,0,0,1,0,0,0,0,0,0,0,0,0,4,0,0,0,0,0,0,2,1,0,0,0,2,2,0,0,0,1,0,0,2,0,7,1,2,0,1,6,7,1,0,0,0,0,0,1,0,0,0,0,1,0,0,0,43
Dinant,0,0,0,0,0,0,0,0,0,0,0,0,0,0,0,0,0,0,0,0,0,0,0,0,0,0,0,1,0,0,0,0,0,2,1,0,0,0,0,0,2,0,0,0,0,0,0,3,0,0,0,1,0,0,0,5,1,0,0,0,0,0,0,1,0,0,0,1,0,0,0,18
Ypres,0,0,0,0,0,0,0,0,0,0,0,0,0,0,0,0,0,0,0,0,0,0,0,0,0,1,0,0,0,0,0,0,0,0,1,0,0,0,0,0,2,0,0,0,0,0,0,3,0,1,0,0,0,0,0,2,0,0,0,0,5,0,1,0,0,0,0,0,0,0,0,16
Spa,0,0,0,0,0,0,0,0,0,0,0,0,0,0,0,0,0,0,1,0,0,0,0,0,1,0,0,0,2,0,0,0,0,0,0,0,0,0,0,0,0,0,0,0,0,0,70,1,0,0,1,0,0,0,0,0,0,0,0,0,0,0,0,0,0,0,0,0,0,0,0,76
Ostend,0,0,1,0,0,0,0,0,0,0,0,0,0,0,0,0,0,0,1,0,0,0,2,0,0,0,0,0,1,0,0,0,0,0,1,0,0,0,0,0,5,1,5,0,1,2,0,1,0,0,1,0,0,0,1,1,3,0,0,1,0,0,0,0,0,0,0,1,0,0,0,29
Namur,0,0,0,0,0,0,0,0,0,0,0,0,0,0,0,0,0,0,0,0,0,0,0,0,0,0,0,1,1,0,0,0,0,0,0,0,0,0,0,0,2,0,0,0,0,0,0,2,0,0,2,2,0,0,1,0,0,0,0,0,1,0,0,0,0,0,0,0,0,0,0,12
Copenhagen,0,0,0,4,6,4,0,0,0,0,0,0,0,0,0,0,2,4,0,0,1,0,0,0,19,0,0,10,9,0,0,2,0,1,13,12,0,0,0,4,15,2,3,2,0,0,0,6,0,3,9,8,2,1,13,18,2,12,0,0,1,3,1,7,1,1,0,7,0,0,0,208
Aarhus,0,0,0,1,7,1,0,0,0,0,0,0,0,0,0,0,2,1,0,0,3,0,1,0,7,3,0,17,11,0,0,1,0,4,4,4,0,2,1,2,20,16,2,1,2,6,0,7,0,3,15,0,2,0,16,16,5,2,0,8,11,0,0,0,3,0,0,0,0,0,3,210
Odense(Denmark),0,0,0,0,2,0,0,0,0,0,0,0,0,0,0,0,0,1,0,0,4,0,4,0,1,0,0,4,2,0,0,0,0,1,4,5,0,0,0,5,20,2,1,0,3,0,0,14,0,5,0,0,0,0,8,16,0,5,0,1,7,0,1,5,1,0,6,7,0,0,11,146
Legoland Billund,0,0,0,0,2,0,0,0,0,0,0,0,0,0,0,0,0,1,0,0,5,0,0,0,1,0,2,2,1,0,0,0,0,1,1,0,0,0,0,0,2,0,0,0,0,0,0,2,0,0,0,0,0,0,3,15,0,0,0,0,0,0,1,0,0,0,0,0,0,0,0,39
Ribe,0,0,0,0,3,0,0,0,0,0,0,0,0,0,0,0,1,0,0,0,0,0,0,0,0,0,0,0,0,0,0,0,0,0,0,0,0,0,0,0,2,0,0,0,0,0,0,3,0,0,0,1,0,0,1,5,1,0,0,0,6,0,3,0,0,0,0,0,0,0,0,26
Roskilde,0,0,0,1,3,0,0,0,0,0,0,0,0,0,0,0,0,0,1,0,1,0,0,0,0,0,0,1,4,0,0,0,0,0,1,1,0,0,0,0,21,1,0,0,2,0,0,6,0,10,7,0,0,0,2,18,2,2,0,0,20,0,0,0,5,0,0,1,0,0,10,120
Helsingør,0,0,0,0,0,1,0,0,0,0,0,0,0,0,0,0,0,2,0,0,1,0,1,0,0,0,0,1,1,0,0,0,0,0,1,2,0,0,0,0,2,0,1,1,0,0,0,4,0,2,0,9,0,0,0,4,0,0,0,0,3,1,0,0,0,0,0,1,0,0,0,38
Aalborg,1,0,0,1,5,0,0,0,0,0,0,0,0,0,0,0,0,4,0,0,5,0,0,0,6,0,0,7,3,0,0,0,0,2,9,4,0,0,0,1,14,0,0,0,2,2,0,5,0,15,6,5,0,1,7,21,5,0,0,2,4,2,1,9,2,2,2,8,0,0,0,163
Aarhus Botanical Garden,0,0,0,0,0,0,0,0,0,0,0,0,0,0,0,0,0,0,0,1,1,0,0,0,0,0,0,0,1,0,0,0,0,0,0,2,0,0,0,0,3,0,0,0,0,0,0,0,0,0,0,0,0,0,0,0,0,0,5,0,0,0,0,0,2,0,0,0,0,0,0,15
Tivoli Gardens,0,0,0,0,1,0,0,0,0,0,0,0,0,0,0,0,0,0,0,0,2,1,0,0,0,0,0,1,3,0,0,0,0,0,1,0,0,0,0,0,0,0,1,0,0,0,0,2,0,0,2,0,0,0,0,0,0,0,0,1,0,0,1,0,0,0,0,0,0,0,0,16
Berlin,0,0,0,0,0,0,0,0,2,0,0,0,0,0,0,0,0,3,0,3,4,0,0,0,12,0,0,7,10,0,0,0,0,1,10,2,0,0,1,1,30,10,1,0,0,0,1,16,0,4,8,0,0,4,13,18,1,13,1,0,5,0,0,5,0,0,0,7,0,0,0,193
Munich,1,1,0,0,0,0,0,0,0,0,0,0,3,0,0,0,0,0,0,0,1,0,0,0,7,2,0,10,10,0,0,3,0,3,8,6,0,0,0,2,11,5,0,0,0,0,0,8,0,7,8,2,0,4,11,10,6,5,0,2,2,2,1,3,7,0,0,0,0,0,0,151
Frankfurt,0,0,0,0,0,0,0,0,1,0,0,0,1,0,0,0,0,6,3,1,1,0,0,0,13,0,0,8,7,0,0,2,0,5,8,13,0,0,4,2,47,5,0,1,13,0,1,12,0,8,9,1,0,4,10,19,17,3,3,0,12,4,2,7,5,4,1,1,0,0,0,264
Cologne,2,0,0,0,0,0,0,0,1,0,0,0,0,0,0,0,0,2,0,0,1,0,0,0,7,0,0,6,1,0,0,0,0,0,11,4,0,0,0,2,15,1,0,0,4,0,0,2,0,8,5,0,0,0,14,10,2,0,2,0,10,2,1,10,0,0,0,0,0,0,0,123
Hamburg,0,0,0,2,2,0,0,0,1,0,0,0,0,0,0,0,0,2,0,0,2,0,0,0,7,0,0,4,2,0,0,0,0,1,2,5,0,0,0,2,11,1,0,1,0,3,0,5,0,23,10,2,0,1,7,8,1,0,2,0,0,0,0,1,2,0,0,2,0,0,0,112
Dresden,0,1,0,0,0,0,0,0,0,0,0,0,0,0,0,0,0,3,0,1,2,0,0,0,10,1,0,10,0,0,0,0,0,3,4,2,0,0,0,0,15,2,0,0,0,0,0,10,0,5,2,7,0,2,15,10,5,7,1,0,5,2,0,7,1,0,0,0,0,0,0,133
Heidelberg,1,1,0,0,0,0,0,0,0,0,0,0,0,0,0,0,2,5,0,0,2,2,0,0,1,0,0,2,4,0,0,1,0,0,7,2,0,0,0,0,7,0,0,0,1,0,0,9,0,2,5,30,0,5,3,18,6,6,0,0,0,0,0,7,16,0,5,0,0,0,0,150
Rothenburg ob der Tauber,0,0,0,0,0,0,0,0,0,0,0,0,0,0,0,0,2,2,0,0,0,1,0,0,0,0,1,1,2,0,0,1,0,0,1,0,0,0,1,0,9,0,0,0,0,0,1,4,0,0,0,10,0,0,0,10,2,0,0,0,0,0,0,1,3,0,3,2,0,0,0,57
Neuschwanstein Castle,0,0,0,0,0,0,0,0,0,0,0,0,3,0,0,0,2,0,0,0,0,1,0,0,0,0,0,1,1,1,0,0,0,0,1,0,0,0,0,0,0,0,0,1,0,0,0,1,0,0,0,44,0,0,5,1,0,60,0,1,0,0,0,0,0,0,0,0,1,0,0,124
Black Forest,0,0,0,0,0,0,0,0,1,0,0,0,0,0,0,0,0,0,1,0,0,1,0,0,0,2,1,4,6,1,0,1,0,4,0,0,2,5,3,0,11,0,0,0,0,0,2,7,0,3,1,0,0,0,5,0,2,0,0,3,0,0,1,0,0,0,1,1,0,0,0,69
Monaco-Ville,2,0,0,0,0,0,0,0,0,0,2,0,0,0,0,0,0,0,1,0,0,0,1,0,1,0,0,0,1,0,0,0,0,3,3,1,0,0,0,0,8,1,1,0,0,0,0,2,0,13,4,1,0,1,4,19,2,4,0,1,2,2,1,1,0,0,0,0,0,0,0,82
Monte Carlo,0,0,0,0,0,0,0,0,0,0,1,0,0,0,0,0,0,0,2,0,0,0,0,0,0,0,0,1,1,0,0,0,0,1,0,0,0,0,0,0,2,0,2,0,0,0,1,1,0,0,0,0,1,0,0,1,0,2,0,0,1,1,0,0,0,0,0,0,0,0,0,18
Casino Square,0,0,0,0,0,0,0,0,0,0,1,0,0,0,0,0,0,0,2,0,0,0,0,0,0,0,0,1,1,0,0,0,0,1,0,0,0,0,0,0,2,0,2,0,0,0,1,1,0,0,0,0,1,0,0,1,0,2,0,0,1,1,0,0,0,0,0,0,0,0,0,18
Oceanographic Museum,0,0,0,0,0,0,0,0,0,0,0,0,0,0,0,0,0,0,0,0,0,0,0,0,0,0,0,0,0,0,0,0,0,0,0,0,0,0,0,0,11,0,0,0,0,0,0,1,0,0,0,0,0,0,0,0,0,0,0,0,0,0,0,0,0,0,0,0,0,0,0,12
Japanese Garden,0,0,0,0,0,0,0,0,0,0,0,0,0,0,0,0,0,0,0,0,0,0,0,0,0,0,0,0,0,0,0,0,0,0,0,0,0,0,0,0,0,0,1,0,0,0,0,0,0,0,0,0,0,0,0,0,0,0,0,0,0,0,0,0,0,0,0,0,1,0,0,2
Saint-Martin Gardens,2,0,1,0,0,0,0,0,0,0,0,0,0,0,0,0,0,0,0,0,0,0,0,0,0,0,0,0,0,0,0,0,0,0,0,0,0,0,0,0,3,0,0,0,0,0,0,3,0,0,0,0,0,0,2,0,0,2,1,0,0,0,0,0,0,0,0,0,0,0,0,14
Exotic Garden,0,0,0,0,0,0,0,0,0,0,0,0,0,0,0,0,0,0,0,0,0,0,0,0,0,0,0,0,0,0,0,0,0,0,0,0,0,0,0,0,0,0,0,0,0,0,0,0,0,0,0,0,0,0,0,0,0,0,0,0,0,0,0,0,0,0,0,0,0,0,0,0
Rainier III Botanical Garden,2,0,1,0,0,0,0,0,0,0,0,0,0,0,0,0,0,0,0,0,0,0,0,0,0,0,0,0,0,0,0,0,0,0,0,0,0,0,0,0,3,0,0,0,0,0,0,3,0,0,0,0,0,0,2,0,0,2,1,0,0,0,0,0,0,0,0,0,0,0,0,14
Larvotto Beach,0,0,0,0,0,0,0,0,0,0,0,0,0,0,0,0,0,0,0,0,0,0,3,0,0,0,0,0,1,0,0,0,0,0,0,1,0,0,0,0,0,0,3,0,0,0,0,1,0,0,0,0,0,0,0,0,0,0,0,0,0,0,0,0,0,0,0,0,0,0,0,9
Grimaldi Forum,0,0,0,0,0,0,0,0,0,0,1,0,0,0,0,0,0,1,0,0,0,0,0,0,0,0,0,0,0,0,0,0,0,0,0,0,0,0,0,0,0,0,0,0,0,0,0,1,0,0,2,0,0,0,2,0,0,0,0,0,0,0,0,0,0,0,0,0,0,0,0,7
Moscow,1,2,0,0,0,0,0,0,0,0,0,0,0,0,0,0,0,11,1,0,5,0,0,0,12,0,0,4,4,0,0,2,0,2,3,6,1,0,1,0,20,1,0,0,2,1,0,14,0,2,2,0,0,0,7,7,2,8,2,0,10,0,1,3,0,0,3,2,0,0,0,142
St. Petersburg,0,1,0,0,1,0,0,0,0,2,0,0,0,0,0,0,2,8,0,3,1,0,1,0,4,0,0,7,9,1,0,3,0,1,8,2,0,0,0,0,33,4,0,0,0,0,0,11,0,7,4,2,1,0,10,13,0,34,1,4,16,0,0,13,0,0,0,18,0,0,0,225
Sochi,0,0,0,0,0,0,0,0,0,0,0,0,3,0,0,0,0,2,0,1,0,0,3,0,5,0,0,0,2,1,0,0,0,0,3,0,0,0,0,0,1,2,1,0,0,0,0,4,0,0,1,0,0,0,1,6,2,0,2,0,1,0,1,0,0,0,0,1,0,0,0,43
Kazan,0,0,0,1,0,0,0,0,0,0,0,0,0,0,0,0,0,6,0,0,0,0,0,0,3,0,0,3,4,0,1,0,0,0,7,2,0,0,0,1,1,1,0,0,2,0,0,1,0,0,0,1,1,0,1,1,0,3,0,3,4,0,1,3,0,0,4,0,0,0,0,55
Vladivostok,0,0,0,0,0,0,0,0,0,0,0,0,0,0,0,0,0,7,0,2,3,0,2,0,7,0,0,5,2,0,1,4,0,0,5,0,0,0,0,0,8,1,0,0,0,0,0,6,0,5,6,0,1,2,8,2,0,0,0,0,0,1,0,8,0,2,0,8,0,0,0,96
Lake Baikal,0,0,0,0,0,0,0,0,0,0,0,0,0,0,0,0,0,1,0,0,0,1,0,0,0,0,2,0,5,0,0,1,0,0,0,3,0,2,0,0,0,1,0,0,0,0,0,3,0,0,0,0,0,0,0,0,0,0,0,143,0,0,2,0,0,0,0,8,0,0,0,172
Kamchatka Peninsula,0,0,0,0,0,0,0,0,0,0,0,0,1,0,0,0,0,0,0,0,0,0,2,0,0,0,0,0,1,0,0,3,0,0,0,0,0,0,0,0,0,0,0,0,0,0,0,2,0,0,0,0,0,0,0,0,0,0,0,2,0,0,0,0,0,1,0,4,0,0,0,16
Golden Ring,0,0,0,0,0,0,0,0,0,0,0,0,0,0,0,0,0,0,0,0,0,0,0,0,0,0,0,0,1,0,0,0,0,0,0,0,0,0,0,0,4,0,0,0,0,0,0,3,0,0,0,0,0,0,1,3,0,0,0,2,3,0,5,0,0,0,3,0,0,0,0,25
Trans-Siberian Railway,0,0,0,0,0,0,0,0,0,0,0,0,0,0,0,0,0,0,0,0,0,0,0,0,0,0,0,0,1,0,0,0,0,0,1,1,0,0,0,0,1,1,0,0,0,0,0,10,0,0,0,0,0,0,0,0,0,0,0,9,0,0,0,1,0,0,0,2,0,0,0,27
St. Basil's Cathedral,0,0,0,1,0,0,0,0,0,0,0,0,0,0,0,0,0,4,0,0,0,0,0,0,2,0,0,3,1,0,0,0,0,2,1,2,0,0,0,0,5,0,0,0,0,0,0,3,0,0,0,0,0,0,1,107,1,0,0,0,34,0,0,0,0,0,0,0,0,0,0,167
Athens,0,1,0,0,0,0,0,0,0,0,0,0,0,0,0,0,0,3,0,0,0,1,4,0,33,0,0,4,5,0,0,1,0,0,22,5,1,1,0,0,26,0,2,0,0,0,0,9,0,2,1,0,1,0,13,1,0,2,0,0,0,0,24,1,0,0,1,3,0,0,0,167
Santorini,0,0,0,0,0,0,0,0,0,0,0,0,2,0,0,0,0,1,0,0,1,0,1,0,0,0,0,0,4,0,0,0,0,3,0,0,0,0,12,0,0,1,4,0,0,1,0,7,0,0,1,0,2,0,0,2,0,1,0,0,0,0,6,0,0,0,2,79,0,0,0,130
Mykonos,0,0,0,0,0,0,0,0,0,0,0,0,0,0,0,0,1,2,0,0,0,0,0,0,0,0,0,1,4,0,2,1,0,4,1,1,0,0,0,0,9,0,3,0,0,1,0,3,0,2,0,5,0,0,0,7,0,0,0,0,0,0,2,0,0,1,0,31,0,0,0,81
Crete,1,0,0,0,0,0,0,0,0,0,0,0,1,0,0,0,2,1,1,0,2,0,0,3,3,1,0,6,2,0,1,0,0,2,7,3,0,0,2,0,6,0,4,0,0,0,0,6,0,0,0,1,0,0,2,0,1,3,0,8,0,0,12,0,0,0,5,80,1,0,0,167
Rhodes,0,0,0,0,0,0,0,0,0,0,0,0,0,0,0,0,0,5,0,0,1,0,3,1,2,0,0,4,2,0,0,0,0,3,5,0,0,0,1,4,2,0,0,0,0,1,1,7,0,2,1,2,2,0,1,1,0,3,0,0,0,0,15,0,4,0,0,84,0,0,0,157
Corfu,0,1,2,0,1,0,0,1,0,0,0,0,0,0,0,0,0,3,0,0,0,0,0,1,4,2,2,2,7,0,0,0,0,6,15,7,0,0,2,0,15,1,6,0,0,1,0,17,0,0,0,29,0,1,8,10,1,12,0,1,7,7,31,5,6,0,5,137,0,0,0,356
Meteora,0,0,0,0,0,0,0,0,0,0,0,0,0,0,0,0,0,0,0,0,0,0,0,0,0,0,0,2,3,0,0,0,0,1,3,0,0,0,0,0,4,0,0,0,0,0,0,6,0,0,0,0,0,0,0,7,0,0,0,1,1,0,4,1,0,0,49,0,0,0,0,82
Delphi,0,0,0,0,0,0,0,0,0,0,0,0,0,0,0,0,0,2,1,0,0,0,0,0,0,0,0,1,3,0,0,0,0,1,10,0,0,0,0,0,5,0,0,0,0,0,0,2,0,0,5,0,0,0,3,1,2,1,0,1,0,0,28,0,0,0,1,0,0,0,0,67
Nafplio,0,0,0,0,1,0,0,1,0,0,0,0,0,0,0,0,0,2,0,0,0,0,1,0,0,0,0,0,2,0,0,0,0,3,7,1,0,0,0,0,1,0,0,0,0,0,0,4,0,0,0,1,0,0,0,1,0,0,0,0,0,0,4,0,4,0,0,1,0,0,0,34
Olympia,0,0,0,0,0,0,0,0,0,0,0,0,0,0,0,0,0,1,0,0,0,0,0,0,1,0,0,0,0,0,0,0,0,1,10,0,0,0,0,0,3,1,0,0,0,0,0,4,0,0,4,0,0,0,1,0,0,0,0,0,0,0,32,1,0,0,0,0,0,0,0,59
Lisbon,0,0,1,0,0,0,0,0,0,0,0,0,0,6,0,0,0,8,0,0,2,0,1,0,9,0,0,14,8,0,0,0,0,5,13,3,0,0,1,2,26,1,0,0,3,1,0,3,0,2,6,6,0,0,15,2,2,6,0,0,2,1,5,13,0,0,3,2,0,0,0,172
Porto,0,0,1,0,0,0,0,0,0,0,0,0,0,5,0,0,0,2,0,0,0,0,2,0,9,0,0,0,12,0,4,0,0,2,7,1,0,0,15,0,3,2,0,1,0,1,0,7,0,9,2,0,1,0,3,4,0,3,0,0,4,0,0,20,0,0,2,0,0,0,0,122
Algarve,0,1,1,0,1,0,0,0,0,0,0,0,0,9,1,0,0,7,4,1,2,0,12,1,2,2,0,7,7,1,0,0,0,10,4,0,0,0,0,4,3,3,6,0,2,1,1,4,0,0,0,0,0,0,1,0,1,0,0,0,0,0,2,1,0,0,0,0,0,0,0,102
Madeira,0,0,0,0,0,0,0,0,0,0,0,0,0,0,0,0,0,1,0,0,0,0,1,1,0,0,0,1,13,0,0,0,0,6,1,0,0,1,17,0,1,0,2,0,0,0,0,4,0,0,1,0,1,0,0,2,2,1,0,0,0,0,1,0,0,1,0,51,0,0,0,109
Sintra,0,0,0,0,0,0,0,0,0,0,0,0,0,1,0,0,4,0,0,0,0,2,2,0,4,0,1,4,2,0,0,0,0,0,1,0,0,0,1,1,2,1,0,0,0,0,0,2,0,7,0,15,0,0,1,7,1,25,0,0,0,0,1,0,1,0,7,1,0,0,0,94
Óbidos,0,0,0,0,0,0,0,0,0,0,0,0,0,0,0,0,0,1,0,0,1,0,0,0,2,0,0,0,1,0,0,0,0,2,0,0,0,0,0,0,0,0,0,0,0,0,1,1,0,0,2,8,0,0,0,2,3,0,0,0,0,0,0,0,0,0,0,0,0,0,0,24
Aveiro,0,0,0,0,0,0,0,0,0,0,0,0,0,1,0,0,0,2,0,0,0,0,1,0,3,0,0,0,1,0,0,0,0,4,0,0,0,0,0,0,3,0,0,0,4,0,0,2,0,6,0,0,0,0,5,5,1,0,0,0,1,0,1,0,1,0,2,0,0,0,0,43
Braga,0,0,0,0,0,0,0,0,1,0,0,0,0,4,0,0,0,8,0,0,0,0,0,2,12,1,0,2,1,0,0,0,0,0,1,0,0,0,0,0,16,0,0,1,0,0,0,3,0,7,1,5,0,0,2,39,0,5,0,0,10,0,3,2,0,0,6,0,0,0,0,132
Coimbra,0,0,0,0,0,0,0,0,0,0,0,0,0,2,0,0,0,4,0,0,1,0,1,0,5,0,0,4,2,0,0,0,0,2,2,4,0,0,1,0,4,1,2,0,5,0,1,6,0,9,1,2,0,0,2,8,9,8,3,0,4,0,3,4,0,0,11,0,0,0,0,111
Douro Valley,1,0,0,0,0,0,0,0,0,0,0,0,0,2,0,0,0,1,0,0,0,1,0,0,0,0,0,1,0,0,0,0,0,0,2,0,0,0,5,0,0,0,0,0,0,0,0,2,0,0,0,0,0,0,2,0,0,0,0,1,0,0,0,0,0,0,0,0,0,0,0,18
Oslo,0,0,0,0,0,0,0,0,0,0,0,0,1,0,0,0,0,0,0,0,4,0,0,0,10,0,0,6,4,0,0,0,0,0,6,8,2,1,0,0,26,3,1,0,0,0,0,13,0,1,9,1,0,0,7,5,1,4,1,2,0,3,0,0,4,0,0,0,0,0,3,126
Bergen,0,0,0,0,3,0,0,0,0,0,0,0,0,0,0,0,0,1,0,0,2,0,2,0,8,0,0,2,1,0,0,0,0,2,5,1,0,0,0,0,3,0,0,0,0,0,0,5,0,2,4,1,3,0,9,4,0,0,0,0,3,0,0,5,0,0,0,1,0,0,4,71
Sognefjord,0,0,0,0,0,0,0,0,0,0,0,0,0,0,0,0,0,0,0,0,0,0,0,0,1,0,0,0,0,0,0,0,0,0,0,0,0,0,0,0,0,0,0,0,0,0,0,0,0,0,0,0,0,0,1,0,0,0,0,0,0,0,1,0,0,0,0,1,0,0,25,29
Geirangerfjord,0,0,0,0,0,0,0,0,0,0,0,0,0,0,0,0,0,0,0,0,0,0,0,0,0,0,0,0,1,0,0,0,0,0,0,0,0,0,0,0,0,0,0,0,0,0,0,0,0,0,0,0,0,0,0,0,0,0,0,0,0,0,0,0,0,0,0,0,1,0,18,20
Lofoten Islands,0,0,0,0,0,0,0,0,0,0,0,0,1,0,0,0,0,0,0,0,0,0,0,0,0,0,0,0,2,2,0,2,0,1,0,0,0,0,0,4,1,0,0,0,0,0,0,1,0,0,1,0,0,0,5,0,0,0,0,0,0,0,0,0,0,1,0,13,0,0,0,34
Tromsø,0,0,0,1,1,0,0,0,1,0,0,0,2,0,0,0,0,0,0,0,1,0,3,0,1,0,0,6,3,0,1,8,0,2,3,0,1,0,0,0,8,0,0,1,0,0,0,2,0,9,12,0,0,0,3,10,0,0,2,1,4,0,0,4,0,0,0,20,0,0,1,111
Jotunheimen National Park,0,0,0,1,1,0,0,0,0,0,0,0,0,0,0,0,1,0,0,0,0,0,0,1,0,0,1,0,0,0,0,0,0,0,0,0,0,1,0,0,0,0,0,0,0,0,0,1,0,0,0,0,0,0,0,0,0,0,0,2,0,0,0,0,0,0,0,0,0,0,0,9
Hardangervidda National Park,0,0,0,0,0,0,0,0,0,0,0,0,1,0,0,0,0,0,0,0,0,0,0,0,0,0,0,0,1,0,0,0,0,0,0,0,1,6,0,1,0,0,0,0,0,0,0,0,0,0,0,0,0,0,0,0,0,0,0,1,0,0,3,0,0,0,0,0,0,0,0,14
Preikestolen,0,0,0,0,0,0,0,0,0,0,0,0,0,0,0,0,0,0,0,0,0,0,1,0,0,0,0,0,1,0,0,2,0,0,0,0,0,1,0,0,0,0,0,0,0,0,0,0,0,0,0,0,1,0,0,0,0,0,0,0,0,0,0,0,0,0,0,0,0,0,2,8
Flåm,0,0,0,0,0,0,0,0,0,0,0,0,0,0,0,0,0,0,0,0,0,0,0,0,0,0,0,0,0,0,0,0,0,0,0,0,0,0,0,0,1,0,0,0,0,0,0,1,0,0,0,0,9,0,0,2,0,0,0,0,0,0,0,0,0,0,0,0,0,0,4,17
Stockholm,0,1,0,1,7,5,0,0,0,0,0,0,0,0,0,0,2,7,1,0,1,0,1,0,11,0,0,12,12,0,0,2,0,0,11,14,0,0,1,0,31,0,0,1,3,0,0,16,0,1,16,3,1,0,17,7,2,10,1,4,1,0,1,1,4,0,0,6,0,0,0,215
Gothenburg,0,0,0,0,11,2,0,0,0,0,0,0,0,0,0,0,1,0,0,0,0,0,0,0,0,0,0,2,10,0,0,1,0,1,3,1,0,0,0,0,8,0,0,0,2,2,0,9,0,2,15,0,0,0,2,6,0,1,1,0,0,0,0,1,0,1,0,2,0,0,0,84
Malmö,0,0,0,0,5,1,0,0,0,0,0,0,0,0,0,0,0,2,0,1,1,0,0,0,7,0,0,0,3,0,0,3,0,0,5,0,0,0,0,0,9,0,3,0,0,0,0,4,0,5,8,1,0,0,9,8,0,0,0,0,0,0,0,13,0,5,0,0,0,0,0,93
Fjällbacka,0,0,0,0,0,0,0,0,0,0,0,0,0,0,0,0,0,0,0,0,0,0,0,0,0,0,0,0,0,0,0,0,0,0,0,0,0,0,0,0,0,0,0,0,0,0,0,0,0,0,0,0,0,0,0,0,0,0,0,0,0,0,0,0,0,0,0,0,0,0,0,0
Visby,0,0,0,0,2,1,0,0,0,0,0,0,0,0,0,0,0,2,0,0,0,0,0,0,1,0,0,0,2,0,0,0,0,0,2,1,0,0,0,0,1,0,1,0,0,0,0,3,0,0,1,2,0,0,0,6,1,0,0,0,4,0,0,0,0,5,0,5,0,0,0,40
Uppsala,0,0,0,1,6,0,0,0,0,0,0,0,0,0,0,0,0,2,0,0,1,0,0,1,0,1,0,2,1,0,0,2,0,0,1,1,0,0,0,0,5,0,0,0,1,0,0,6,0,9,0,8,0,0,1,7,0,1,0,1,12,0,1,0,0,0,0,0,0,0,0,71
Kiruna,0,0,0,1,0,0,0,0,0,0,0,0,1,0,0,0,0,0,0,0,0,0,0,0,1,0,0,0,1,1,0,4,0,0,0,1,2,0,0,0,0,1,0,0,0,0,0,3,0,7,3,0,1,0,0,5,0,0,0,4,0,0,0,1,0,0,0,0,0,0,0,37
Sarek National Park,0,0,0,0,1,0,0,0,0,0,0,0,15,0,0,0,0,0,0,0,0,0,0,1,0,1,0,1,3,0,0,1,0,0,0,1,0,4,0,0,0,3,0,0,0,0,0,2,0,0,0,0,0,0,0,2,0,0,0,9,0,0,1,4,0,0,0,0,0,2,0,51
Vasa Museum,0,0,0,0,0,0,0,0,0,0,0,0,0,0,0,0,0,0,0,0,0,0,0,0,0,0,0,0,0,0,0,0,0,0,0,1,0,0,0,0,19,0,0,0,0,1,0,2,0,0,0,0,0,0,0,0,0,0,0,0,0,0,0,0,0,0,0,1,0,0,0,24
Zurich,0,0,0,0,0,0,0,0,0,0,0,0,2,0,0,0,0,2,0,0,1,0,0,0,4,0,0,3,8,0,2,1,0,3,5,3,0,2,1,5,29,1,0,0,0,0,0,6,0,1,6,6,0,0,13,15,1,2,3,23,0,3,1,0,9,0,1,1,0,0,0,163
Geneva,1,0,0,0,0,0,0,0,0,0,0,0,3,0,0,0,0,3,2,0,5,0,0,0,7,0,0,1,8,0,0,1,0,0,1,6,2,0,2,0,10,0,0,0,0,0,0,8,0,5,5,0,0,0,7,14,1,1,0,10,2,1,0,0,1,0,0,0,0,0,0,107
Lucerne,0,0,0,0,0,0,0,0,0,0,0,0,1,0,0,0,0,2,0,0,0,0,0,0,2,0,0,1,7,0,0,0,0,1,1,5,0,0,0,0,6,0,2,0,0,0,0,3,0,1,13,0,0,0,2,5,0,1,0,16,0,0,0,11,4,0,2,0,0,0,0,86
Interlaken,0,0,0,0,0,0,0,0,0,0,0,0,1,0,0,0,0,2,1,0,1,0,0,0,0,0,0,0,4,0,0,0,0,1,1,5,1,0,1,0,1,0,0,0,0,0,2,2,0,0,4,4,0,0,1,7,2,0,0,19,0,0,0,1,0,0,19,0,0,0,0,80
Zermatt,0,0,0,0,0,0,0,0,0,0,0,0,9,0,0,0,0,1,0,0,2,0,0,0,0,0,0,0,5,0,1,1,0,0,0,0,6,0,0,0,3,0,0,0,1,0,0,1,0,0,0,0,0,0,0,10,0,0,0,0,0,0,1,0,0,0,0,0,0,0,0,41
Jungfraujoch,0,0,0,0,0,0,0,0,0,0,0,0,1,0,0,0,0,1,0,0,0,0,0,0,0,0,0,0,0,0,0,4,0,0,0,0,0,1,0,0,0,0,0,0,0,0,0,1,0,0,0,0,0,0,0,0,0,0,0,0,0,0,0,0,0,0,1,0,0,0,0,9
Rhine Falls,0,0,0,0,0,0,0,0,0,0,0,0,1,0,0,0,0,0,0,0,0,1,0,0,0,0,0,0,1,0,0,0,0,0,0,0,0,0,0,0,1,0,0,0,0,0,0,1,0,1,0,3,0,0,0,0,0,0,0,3,0,0,1,1,0,0,0,0,8,0,0,22
Swiss National Park,0,0,0,0,0,0,0,0,1,0,0,0,3,0,0,0,0,2,0,0,0,0,0,0,0,1,0,0,0,0,0,0,0,0,0,0,0,3,0,1,0,0,0,0,0,0,0,1,0,0,0,0,0,1,0,0,0,0,0,0,0,0,0,0,0,0,0,0,0,0,0,13
Gruyères,0,0,0,0,0,0,0,0,0,0,0,0,2,0,0,0,1,2,0,0,1,0,0,0,0,0,0,1,4,0,0,0,0,0,0,1,0,0,0,0,5,0,0,0,0,0,0,2,0,0,0,15,0,0,0,11,2,0,0,1,0,0,0,0,0,0,0,0,0,0,0,48
Montreux,0,0,0,0,0,0,0,0,0,0,0,0,1,0,0,0,0,4,0,0,6,0,0,0,1,0,0,0,3,0,1,0,0,1,0,1,0,0,0,0,1,0,1,0,0,0,0,1,0,1,7,2,0,0,0,7,1,2,0,12,0,0,0,0,0,0,1,0,0,0,0,54
Istanbul,0,0,0,0,0,0,0,0,0,0,0,0,0,0,0,0,0,3,0,1,2,0,2,0,19,0,0,9,12,0,1,2,0,1,13,3,0,0,0,0,8,1,0,0,15,2,0,7,0,2,14,0,3,0,10,7,3,17,0,2,3,0,7,9,1,2,4,1,0,0,0,186
Antalya,0,0,0,0,0,0,0,1,0,0,0,0,0,0,0,0,0,8,1,0,0,0,1,0,4,0,0,1,1,0,1,2,0,0,3,3,1,0,0,0,16,1,3,0,5,0,0,3,0,2,6,0,0,0,1,11,1,0,0,2,0,0,7,1,2,2,0,0,0,0,0,90
Cappadocia,0,0,0,0,0,0,0,0,0,0,0,0,0,0,0,0,0,3,0,0,0,0,0,1,1,0,0,1,2,0,0,0,0,0,4,0,0,0,0,0,1,2,0,0,0,0,0,7,0,0,1,2,0,0,1,2,0,0,0,1,0,0,6,0,0,0,1,0,0,0,0,36
Ephesus,0,0,0,0,0,0,0,0,0,0,0,0,0,0,0,0,0,1,1,0,1,0,0,0,0,0,0,0,1,0,0,0,0,0,1,0,0,0,0,0,6,0,0,0,0,0,0,3,0,0,0,1,0,0,1,7,0,0,0,0,0,0,17,0,0,1,0,0,0,0,0,41
Pamukkale,0,0,0,0,0,0,0,0,0,0,0,0,0,0,0,0,0,2,0,0,0,1,0,0,0,0,0,0,0,0,0,1,0,0,0,0,0,0,0,0,4,0,0,0,0,0,1,0,0,0,0,1,0,0,0,1,0,0,0,0,0,0,1,0,0,0,0,0,0,0,0,12
Bodrum,0,0,0,0,0,0,0,0,0,0,0,0,0,0,0,0,0,2,1,0,0,0,0,0,0,0,0,1,1,0,2,0,0,4,4,0,0,0,0,0,12,0,0,0,2,0,0,5,0,0,2,12,2,0,2,0,0,0,0,0,0,0,14,0,0,0,0,3,0,0,0,69
Fethiye,0,0,0,0,0,0,0,0,0,0,0,0,0,0,0,0,0,1,0,0,0,0,0,0,0,0,0,0,3,0,0,0,0,0,2,0,0,0,0,0,1,0,5,0,0,0,0,1,0,0,0,0,0,0,0,1,1,0,0,0,0,0,5,0,0,2,0,3,0,0,0,25
Istanbul Grand Bazaar,1,0,0,0,0,0,0,0,0,0,0,0,0,0,0,0,1,1,2,0,0,0,0,0,0,0,0,0,0,0,0,0,0,0,1,0,0,0,0,0,0,2,0,0,2,0,0,3,0,0,0,0,0,0,0,0,29,3,0,0,0,0,2,0,0,0,0,0,0,0,0,47
Topkapi Palace,0,0,0,0,0,0,0,0,0,0,0,0,0,0,0,0,1,1,0,0,2,0,0,0,0,0,0,0,0,0,0,0,0,4,1,5,0,0,0,0,17,1,0,0,0,0,0,5,0,0,0,0,0,0,3,3,0,129,0,0,0,0,1,0,0,0,0,0,0,0,0,173
Blue Mosque,0,0,0,0,0,0,0,0,0,0,0,0,0,0,0,0,0,1,0,0,0,0,0,0,0,0,0,0,5,0,0,0,0,2,4,2,0,0,0,0,1,0,0,0,0,0,0,4,0,1,0,0,0,0,1,0,1,0,0,0,0,0,2,1,0,0,0,0,0,0,0,25
Kyiv,2,2,0,0,1,0,0,0,0,0,0,0,0,0,0,0,0,10,0,0,1,0,0,0,4,0,0,9,6,0,0,1,0,6,7,3,0,0,0,0,15,1,0,0,1,0,0,12,0,4,0,3,0,0,9,3,5,4,0,0,5,2,4,2,1,0,2,0,0,0,0,125
Lviv,0,4,0,0,0,0,0,0,5,0,0,0,0,0,0,0,1,7,0,3,0,0,0,0,5,0,0,22,9,1,0,0,0,2,14,3,2,1,1,10,17,2,0,0,0,0,0,12,0,5,16,11,0,8,26,28,5,4,0,1,11,3,6,0,4,0,0,1,0,0,0,250
Odessa,0,2,0,0,0,0,0,0,1,0,0,0,0,0,0,0,0,3,1,2,1,0,3,0,6,0,0,2,7,0,0,1,1,3,9,0,0,0,0,0,10,2,4,0,3,0,1,9,0,1,3,1,2,0,9,4,6,3,1,0,2,1,8,0,0,5,0,0,0,0,0,117
Chernobyl Exclusion Zone,0,0,0,0,0,0,0,0,0,0,0,0,0,0,0,0,0,0,0,0,1,0,0,0,1,0,0,0,2,1,1,0,0,1,2,0,0,0,0,0,0,1,0,0,0,0,0,1,0,0,2,0,0,0,1,2,1,0,0,1,0,0,0,0,0,0,0,0,0,0,0,18
Carpathian Mountains,0,0,0,0,0,0,0,0,0,0,0,0,0,0,0,0,0,0,0,0,0,0,0,0,0,0,0,0,0,0,0,0,0,0,1,0,0,0,0,0,0,0,0,0,0,0,0,0,0,0,0,0,0,0,0,0,0,0,0,0,0,0,0,0,0,0,0,0,0,0,0,1
Kharkiv,1,1,0,0,0,0,0,0,0,0,0,0,0,0,0,0,1,5,0,2,8,0,0,0,2,2,0,6,11,0,0,0,0,1,4,1,0,0,0,1,21,1,0,0,1,0,0,7,0,7,3,0,0,1,6,8,15,3,0,0,11,0,0,1,0,0,2,0,0,0,0,133
Dnipro,0,1,0,0,0,0,0,0,0,0,0,0,0,0,0,0,0,6,0,1,3,0,0,0,9,1,0,3,4,0,0,2,0,0,10,0,0,0,0,0,5,2,0,0,0,0,0,10,0,5,0,0,0,0,3,10,2,3,1,0,9,0,0,1,1,0,1,2,0,0,0,95
Lviv Opera House,1,0,0,0,0,0,0,0,1,0,0,0,0,0,0,0,0,0,0,0,0,0,0,0,0,0,0,2,0,0,0,0,0,1,0,0,0,0,0,0,0,0,0,0,0,0,0,1,0,0,0,0,0,0,1,0,0,0,0,0,0,3,0,0,0,0,0,0,0,0,0,10
Pechersk Lavra,0,1,0,0,0,0,0,0,0,0,0,0,0,0,0,0,0,5,0,0,0,0,0,0,0,0,0,8,0,0,0,0,0,0,1,0,0,0,0,0,8,0,0,0,0,0,0,4,0,0,0,0,0,0,2,43,0,0,0,0,8,0,2,0,0,0,21,0,0,0,0,103
London,2,0,0,0,0,0,0,0,0,0,0,0,0,0,0,1,1,0,2,3,4,0,0,0,12,0,0,4,14,0,0,2,0,2,17,9,0,0,0,2,16,0,0,0,4,0,0,9,0,7,7,0,0,0,14,6,2,12,0,1,8,2,3,9,0,0,0,1,0,0,0,176
Edinburgh,1,0,0,0,0,0,0,0,0,0,0,0,0,0,0,0,0,7,0,0,2,0,2,0,6,1,0,3,3,0,0,0,0,3,9,14,0,0,0,0,9,0,1,1,8,1,0,7,0,8,17,22,1,1,11,18,2,5,0,0,4,0,3,2,17,0,1,2,0,0,0,192
Manchester,0,0,0,0,0,0,0,0,0,0,0,0,0,0,0,1,0,0,0,0,1,0,0,0,8,1,0,1,3,0,1,2,0,0,3,7,0,0,0,7,10,0,0,0,2,0,0,9,0,2,5,1,0,0,5,1,4,1,0,0,7,1,1,0,0,0,0,0,0,0,0,84
Liverpool,0,0,0,0,1,0,0,0,0,0,0,0,0,0,0,1,0,4,0,3,2,0,1,0,12,1,1,12,11,0,0,3,0,6,8,7,0,0,0,2,6,2,1,0,3,0,0,16,0,19,11,7,5,0,13,10,2,1,0,0,8,0,1,0,0,0,0,2,0,0,0,182
Cambridge,0,0,0,0,0,0,0,0,0,0,0,0,0,0,0,1,0,1,0,0,1,0,0,0,3,0,0,3,2,0,0,1,0,2,5,11,0,0,0,3,15,0,0,0,3,0,0,9,0,20,19,10,0,0,7,19,5,0,0,0,1,0,2,2,0,0,0,0,0,0,0,145
Lake District,0,0,0,0,0,0,0,0,0,0,0,0,0,0,0,0,0,0,0,0,0,0,0,0,0,0,0,0,0,0,0,0,0,0,0,0,0,0,0,0,0,0,0,0,0,0,0,0,0,0,0,0,0,0,0,0,0,0,0,3,0,0,0,0,0,0,0,0,0,0,2,5
Yorkshire Dales,0,0,0,0,0,0,0,0,0,0,0,0,0,0,0,0,0,0,0,0,0,2,0,0,0,0,0,1,1,0,0,0,0,1,0,1,0,3,0,0,0,0,0,0,0,0,1,0,0,0,0,0,0,0,0,0,2,0,0,1,0,0,0,2,0,0,0,0,0,0,0,15
The Cotswolds,0,0,0,0,0,0,0,0,0,0,0,0,0,0,0,0,0,2,0,4,5,0,1,0,0,2,0,1,0,0,0,0,0,3,3,22,0,0,0,0,0,1,0,0,0,0,0,10,0,0,0,0,0,0,0,0,0,0,0,1,0,0,0,0,0,0,0,0,0,0,0,55
Stonehenge,3,1,0,0,0,0,0,0,0,0,0,0,0,0,0,4,1,0,1,0,6,0,0,5,1,1,0,4,13,0,0,0,0,3,14,0,0,0,1,0,0,6,0,0,0,0,0,9,0,2,0,0,0,0,14,11,9,0,0,3,0,0,1,0,0,0,0,12,0,0,0,125
Scottish Highlands,0,0,0,0,0,0,0,0,0,0,0,0,0,0,0,2,0,3,0,0,0,0,1,2,0,0,0,2,0,2,0,0,0,1,1,0,0,0,0,0,0,1,0,0,0,0,0,4,0,0,0,0,0,0,0,10,1,0,0,0,0,0,1,0,0,0,0,1,0,0,0,32
Luxembourg City,1,0,0,0,0,0,0,0,0,0,0,0,0,0,0,0,0,1,0,0,0,0,0,0,1,0,0,0,0,0,0,0,0,0,1,0,0,0,0,0,4,0,0,0,0,0,0,5,0,0,0,5,0,0,4,4,0,1,0,0,2,0,0,3,0,0,0,0,0,0,0,32
Vianden,0,0,0,0,0,0,0,0,0,0,0,0,0,0,0,0,0,1,0,0,0,0,0,0,0,0,0,0,0,0,0,0,0,0,0,1,0,0,0,1,4,0,0,0,0,0,0,3,0,0,0,13,0,0,1,3,1,0,0,0,0,0,0,1,0,0,0,0,0,0,0,29
Esch-sur-Alzette,0,0,0,0,0,0,0,0,0,0,0,0,0,0,0,0,0,0,0,0,0,0,0,0,0,0,0,1,0,0,0,0,0,0,1,0,0,0,0,0,0,0,0,0,2,0,0,2,0,0,0,0,0,0,0,1,0,0,0,0,0,0,0,0,0,0,0,0,0,0,0,7
Luxembourg American Cemetery and Memorial,0,0,0,0,0,0,0,0,0,0,0,0,0,0,0,0,0,0,0,0,0,0,0,0,0,0,0,0,0,0,0,0,0,0,0,0,0,0,0,0,0,0,0,0,0,0,0,1,0,0,0,0,0,0,0,0,0,0,0,0,0,0,0,0,0,0,0,0,0,0,0,1
Mullerthal,0,0,0,0,0,0,0,0,0,0,0,0,0,0,0,0,0,0,0,0,0,0,0,0,0,0,0,0,0,0,0,0,0,0,0,0,0,0,0,0,0,0,0,0,0,0,0,0,0,0,0,0,0,0,0,0,0,0,0,0,0,0,0,0,0,0,0,0,0,0,0,0
Beaufort Castle,0,0,0,0,0,0,0,0,0,0,0,0,0,0,0,0,0,0,0,0,0,0,0,0,0,0,0,0,0,0,0,0,0,0,0,0,0,0,0,0,0,0,0,0,0,0,0,1,0,0,0,10,0,0,0,0,1,0,0,0,0,0,0,0,0,0,0,0,0,0,0,12
Vianden Castle,0,0,0,0,0,0,0,0,0,0,0,0,0,0,0,0,0,0,0,0,0,0,0,0,0,0,0,0,0,0,0,0,0,0,1,0,0,0,0,0,0,0,0,0,0,0,0,1,0,0,0,26,0,0,0,0,0,2,0,0,0,0,1,0,0,0,0,0,0,0,0,31
Grund,0,0,0,0,0,0,0,0,0,0,0,0,0,0,0,0,0,0,0,0,0,0,0,0,0,0,0,0,1,0,0,0,0,0,0,0,0,0,0,0,0,0,0,0,0,0,0,0,0,0,0,0,0,0,0,0,0,0,0,0,0,0,0,0,0,0,0,0,0,0,0,1
Bettembourg,0,0,0,0,0,0,0,0,0,0,0,0,0,0,0,0,0,0,0,0,0,0,0,0,0,0,0,0,0,0,0,0,0,0,0,0,0,0,0,0,0,0,0,0,0,0,0,1,0,6,0,0,0,0,0,0,0,0,0,0,0,0,0,0,0,0,0,0,0,0,0,7
Valletta,0,0,0,0,0,0,0,0,0,0,0,0,0,0,0,0,0,0,0,0,0,0,0,0,2,0,0,1,1,0,0,0,0,1,2,0,0,0,0,0,2,0,0,0,1,0,0,4,0,5,2,0,3,0,2,4,1,5,0,0,2,2,0,0,0,1,0,4,0,0,0,45
Mdina,0,0,0,0,0,0,0,0,0,0,0,0,0,0,0,0,0,0,0,0,0,0,0,0,0,0,0,0,2,0,0,0,0,0,1,0,0,0,0,0,1,0,0,0,0,0,0,2,0,0,0,2,0,0,0,3,0,0,0,0,2,0,3,0,0,0,1,6,0,0,0,23
Marsaxlokk,0,0,0,0,0,0,0,0,0,0,0,0,0,0,0,0,0,2,0,0,0,0,0,0,0,0,0,1,1,0,0,0,0,2,4,0,0,0,0,0,0,0,1,0,0,2,0,3,0,0,0,0,0,0,0,4,4,0,0,0,0,0,1,0,0,0,1,3,0,0,0,29
St. Paul's Bay,0,0,0,0,0,0,0,0,0,0,0,0,0,0,0,0,0,0,0,0,0,1,0,0,0,0,0,0,1,0,0,0,0,0,0,0,0,0,0,0,0,0,0,0,1,1,0,1,0,4,0,0,0,1,0,1,0,0,0,0,0,0,0,0,0,0,0,3,0,0,0,14
Rabat,0,0,0,0,0,0,0,0,0,0,0,0,0,0,0,0,0,0,0,0,1,0,0,0,0,0,0,0,0,0,0,0,0,0,0,0,0,0,0,0,0,0,0,0,0,0,0,0,0,3,0,0,0,0,0,0,0,0,0,0,0,0,2,0,0,0,0,1,0,0,0,7
Mosta,0,0,0,0,0,0,0,0,0,0,0,0,0,0,0,0,0,1,0,0,0,0,0,0,0,0,0,1,2,0,0,0,0,0,0,0,0,0,0,0,1,0,0,1,0,0,0,2,0,0,0,0,0,0,0,9,0,0,0,0,0,0,0,0,0,0,0,0,0,0,0,17
Marsaskala,0,0,0,0,0,0,0,0,0,0,0,0,0,0,0,0,0,0,0,0,0,0,0,0,7,2,0,0,1,0,0,0,0,1,1,1,0,0,0,0,1,0,0,0,1,0,0,2,0,7,0,0,0,0,0,11,1,4,0,0,0,0,1,0,0,0,0,2,0,0,0,43
Gozo,0,0,0,0,0,0,0,0,0,0,0,0,0,0,0,0,0,0,0,0,0,1,0,0,0,0,0,1,3,0,0,0,0,0,1,0,0,0,0,0,0,0,2,0,0,0,0,4,0,2,0,0,0,0,1,2,0,0,0,0,2,0,3,7,0,0,0,34,0,0,0,63
Comino,0,0,0,0,0,0,0,0,0,0,0,0,0,0,0,0,0,0,0,0,0,0,0,0,0,0,0,0,2,1,0,0,0,0,0,0,0,0,1,0,1,0,1,0,0,0,0,3,0,1,0,0,1,0,1,0,0,0,0,0,0,0,1,0,0,0,0,17,0,0,0,30
Reykjavik,1,0,0,0,2,0,0,0,0,0,0,0,0,0,0,0,0,0,0,0,2,0,1,0,4,1,0,7,2,0,0,2,0,1,8,2,0,0,0,0,10,0,1,0,3,0,0,5,0,12,3,0,2,0,6,1,0,0,0,1,0,0,0,0,0,0,0,0,0,0,0,77
Blue Lagoon(spa),0,0,0,0,0,0,0,0,0,0,0,0,0,0,0,0,0,0,0,0,2,0,0,0,0,0,0,0,1,0,0,0,0,0,0,1,0,0,0,0,0,0,0,0,0,0,3,1,0,0,0,0,0,0,0,0,0,0,0,1,0,0,0,0,0,0,0,1,0,0,0,10
Golden Circle,0,0,0,0,0,0,0,0,0,0,0,0,0,0,0,0,0,0,0,0,0,0,0,0,0,0,0,0,0,0,0,0,0,0,0,0,0,0,0,0,0,0,0,0,0,0,0,0,0,0,0,0,0,0,0,0,0,0,0,0,1,0,0,0,0,0,0,0,1,0,0,2
Skaftafell National Park,0,0,0,0,0,0,0,0,0,0,0,0,0,0,0,0,0,0,0,0,1,0,0,0,0,0,0,1,1,0,1,1,0,1,0,0,0,2,0,0,1,0,0,0,0,0,0,3,0,0,0,0,0,0,0,0,0,0,0,0,0,0,0,1,0,0,0,0,1,0,0,14
Vatnajökull National Park,0,0,0,0,0,0,0,0,0,0,0,0,0,0,0,0,0,1,0,0,0,1,0,0,0,0,0,0,0,0,0,3,0,0,0,0,0,0,0,0,0,0,0,0,0,0,0,1,0,0,0,0,0,0,0,0,0,0,0,0,0,0,0,0,0,0,0,0,1,3,0,10
Akureyri,0,0,0,0,0,0,0,0,0,0,0,0,0,0,0,0,0,0,0,0,1,0,2,0,2,1,0,2,1,0,0,2,0,0,0,1,0,0,0,0,9,0,0,0,0,0,0,3,0,3,2,0,1,0,1,2,0,0,1,1,0,0,0,0,0,0,0,3,0,0,3,41
Westfjords,0,0,0,0,0,0,0,0,0,0,0,0,0,0,0,0,0,0,0,0,0,0,0,1,0,0,0,0,0,0,0,1,0,1,0,0,0,0,0,0,1,0,0,0,0,0,0,0,0,0,0,0,0,0,0,0,0,0,0,0,0,0,0,0,0,0,0,0,0,0,0,4
Jökulsárlón Glacier Lagoon,0,0,0,0,0,0,0,0,0,0,0,0,0,0,0,0,0,0,0,0,0,0,0,0,0,0,0,0,1,0,0,0,0,0,0,0,0,1,0,0,0,0,3,0,0,0,0,1,0,0,0,0,0,0,0,0,0,0,0,21,0,0,1,4,0,0,0,0,0,0,1,33
Reynisfjara Black Sand Beach,0,0,0,0,0,0,0,0,0,0,0,0,0,0,0,0,0,0,0,0,0,0,1,0,0,0,0,0,1,0,0,0,0,0,0,0,0,0,0,0,0,0,6,1,0,0,0,0,0,0,0,0,0,0,0,0,0,0,0,0,0,0,0,0,0,0,0,0,0,0,0,9
Belgrade,0,0,1,0,0,0,0,3,1,0,0,0,0,0,0,0,0,1,1,2,0,0,0,0,12,3,0,8,8,0,1,0,0,4,6,0,1,1,0,1,28,1,0,0,1,0,0,3,0,0,10,1,0,1,12,9,2,3,0,3,3,1,2,12,1,0,1,5,0,0,0,153
Novi Sad,0,0,0,0,0,0,0,0,0,0,0,0,0,0,0,0,0,1,0,0,1,1,0,1,10,0,0,12,2,0,1,2,0,3,4,1,0,2,0,1,3,2,0,0,0,0,0,2,0,2,6,0,1,0,4,2,0,0,0,1,0,0,1,9,2,0,0,0,0,0,0,77
Niš,0,0,0,0,0,0,0,1,3,0,0,0,0,0,0,0,0,2,0,0,0,0,0,0,5,0,0,1,1,0,0,2,0,1,0,0,0,1,0,0,1,1,0,0,0,0,2,4,0,0,1,0,0,5,1,0,1,0,0,0,0,0,4,0,0,0,0,0,0,0,0,37
Belgrade Fortress,0,0,0,0,0,0,0,1,1,0,0,0,0,0,0,0,0,4,0,0,2,1,0,0,9,0,0,13,3,0,0,0,0,1,11,4,2,0,0,0,19,2,0,0,0,0,0,15,0,1,2,1,0,3,3,30,0,1,0,1,2,0,2,7,0,0,1,3,0,0,0,145
Tara National Park,0,0,0,0,0,0,0,1,0,0,0,0,1,0,0,0,0,0,0,0,1,1,0,1,0,0,0,2,1,0,0,0,0,0,1,1,0,1,0,0,1,0,0,0,0,0,0,2,0,0,0,0,0,0,0,1,0,0,0,5,0,0,2,0,0,0,6,0,3,7,0,38
Kopaonik,0,0,0,0,0,0,0,1,0,0,0,0,0,0,0,0,0,1,0,0,0,0,0,0,0,0,0,0,0,0,2,2,0,0,1,0,0,0,0,0,1,0,0,0,0,0,2,2,0,0,0,1,0,0,0,1,0,0,0,0,0,0,1,0,0,0,2,0,1,0,0,18
Novi Sad Fortress,0,0,0,0,0,0,0,0,0,0,0,0,0,0,0,0,0,1,0,0,1,1,0,1,10,0,0,12,2,0,1,2,0,3,4,1,0,2,0,1,3,2,0,0,0,0,0,2,0,2,6,0,1,0,4,2,0,0,0,1,0,0,1,9,2,0,0,0,0,0,0,77
Sremski Karlovci,1,2,0,0,0,0,0,0,0,0,0,0,0,0,0,0,0,3,0,0,0,0,0,0,1,0,0,3,0,0,0,0,0,0,1,0,0,0,0,0,0,0,0,0,0,0,0,2,0,0,0,0,0,0,0,6,0,2,0,0,1,0,3,0,0,0,1,0,0,0,0,26
Subotica,0,0,0,0,0,0,0,2,3,0,0,0,0,0,0,0,0,1,0,0,1,0,0,0,2,0,0,2,0,0,0,0,0,1,1,0,0,0,0,0,0,1,0,0,0,0,1,3,0,1,3,1,0,0,5,4,2,2,0,1,1,0,0,0,1,0,0,0,0,0,0,39
Vrnjačka Banja,0,0,1,0,0,0,0,0,0,0,0,0,0,0,0,0,0,0,0,0,0,0,0,0,1,0,0,1,1,0,0,0,0,0,0,0,1,0,0,0,0,0,0,0,0,0,3,0,0,0,1,0,0,0,1,0,0,0,0,0,0,0,0,2,0,0,3,0,0,0,0,15
,39,29,14,21,77,17,6,14,36,2,10,15,99,64,3,10,47,357,62,39,174,28,92,31,622,37,13,549,591,15,39,117,2,259,644,314,39,51,151,106,1340,165,114,27,141,45,108,898,2,495,552,470,94,73,805,1198,274,633,55,476,445,75,456,360,161,40,237,891,21,12,88,
