destination,Western Europe,Eastern Europe,Southern Europe,Northern Europe,Scandinavia,Nordic countries,Mediterranean coast,The Balkans,Central Europe,Baltic States,French Riviera,Amalfi Coast,Alpine region,Iberian Peninsula,Benelux,British Isles,Romantic,Historical,Luxury,Budget,Family-friendly,Scenic,Coastal,Mountainous,Urban,Countryside,Off-the-beaten-path,Cultural,Popular,Remote,Sunny,Snowy,Cozy,Traditional,Modern,Green,Skiing,Hiking,Wine tasting,Cycling,Museum visit,City tour,Food tasting,Beach lounging,Photography,Shopping,Sailing,Spa retreat,Historical walking tour,Snowboarding,Clubbing,Cultural festivals,Food markets,Castle hopping,River cruise,Camping,Castle,Museum,Art Gallery,Church,Market,Palace,Botanical Garden,Lake,Cathedral,Opera House,Ancient Ruins,Vineyard,Bridge,Old Town,Harbor,Monastery,Island,Waterfall,Canyon,Fjord,,
Rome,1,0,0,0,0,0,0,2,0,0,0,0,0,1,0,0,0,1,3,0,0,0,0,0,7,0,0,10,10,0,0,0,0,2,19,6,0,0,0,1,0,0,0,0,0,0,0,0,0,0,0,0,0,0,0,0,0,2,0,17,2,1,1,0,2,1,1,0,5,0,0,0,1,0,0,0,,96
Florence(Italy),0,0,0,1,0,0,0,0,0,0,0,0,0,0,0,0,0,1,1,0,0,0,0,0,4,0,0,8,2,0,0,0,0,4,9,1,0,0,0,1,1,0,0,0,0,1,0,0,0,0,0,0,0,0,0,0,0,10,0,10,3,8,0,0,11,1,0,0,7,0,0,2,0,0,0,0,,86
Venice,1,0,1,0,0,0,0,0,2,0,0,0,0,0,0,0,1,7,3,1,0,0,1,0,3,1,0,8,9,0,0,0,0,2,6,0,0,0,0,0,0,0,0,0,2,2,2,0,0,0,0,0,0,0,0,0,0,1,0,4,1,3,0,1,1,0,0,0,5,0,0,1,11,0,0,0,,80
Milan,0,1,1,1,0,0,0,0,0,0,0,0,0,0,0,0,3,5,3,0,0,0,0,0,21,0,0,6,3,0,0,0,0,5,17,2,0,0,0,3,0,0,0,0,1,2,0,0,0,0,0,0,0,0,0,0,2,9,2,10,1,2,1,3,7,0,0,0,0,0,0,1,1,0,0,0,,113
Naples,0,0,1,0,0,0,0,0,0,0,0,1,0,1,0,0,1,7,0,0,0,0,2,0,10,0,0,6,13,0,0,0,0,4,7,1,0,0,0,0,0,0,0,0,0,0,2,0,0,0,0,0,0,0,0,0,6,6,1,3,1,8,1,0,2,2,0,0,2,0,1,1,3,0,0,0,,93
Cinque Terre(Italy),0,0,0,0,0,0,0,0,0,0,0,0,0,0,0,0,0,0,0,0,0,0,1,0,0,0,0,1,4,0,0,0,0,2,0,0,0,0,0,0,0,0,0,0,0,0,0,0,0,0,0,0,0,0,0,0,0,0,0,0,0,0,0,0,0,0,0,0,0,0,0,0,0,0,0,0,,8
Amalfi Coast(Italy),0,0,0,0,0,0,0,0,0,0,0,14,0,0,0,0,0,0,0,0,0,0,0,0,0,0,0,0,2,0,0,0,0,1,0,0,0,0,0,0,0,0,0,0,0,0,0,0,0,0,0,0,0,0,0,0,0,0,0,0,0,0,0,0,0,0,0,0,0,0,0,0,1,0,0,0,,18
Pisa,0,0,0,0,0,0,0,0,0,0,0,0,0,0,0,0,0,1,0,0,0,0,1,0,3,1,0,4,0,0,0,0,0,2,2,0,0,0,0,0,0,0,0,0,0,0,1,0,0,0,0,0,0,0,0,0,1,4,0,11,0,8,3,0,7,0,0,0,7,2,0,0,1,0,0,0,,59
Lake Como(Italy),0,0,0,0,0,0,0,0,0,0,0,0,0,0,0,0,1,3,2,0,0,4,0,3,0,0,0,8,6,0,0,0,0,8,2,1,0,2,0,1,0,0,0,0,0,0,1,0,0,0,0,0,0,0,0,0,0,1,0,0,1,0,1,81,0,0,0,0,0,0,0,2,0,0,0,0,,128
Verona,0,0,0,0,0,0,0,0,0,0,0,0,0,0,0,0,0,1,0,0,0,0,0,0,1,0,0,0,2,0,0,0,0,1,1,0,0,0,0,1,0,0,0,0,0,0,0,0,0,0,0,0,0,0,0,0,1,2,0,16,0,1,0,1,1,0,0,0,4,0,0,0,0,0,0,0,,33
Barcelona,0,0,0,0,0,0,2,0,0,0,0,0,0,3,0,0,0,6,1,0,0,0,0,0,18,0,0,5,5,0,0,0,0,1,8,1,0,0,0,1,0,0,0,0,0,0,0,0,0,0,0,0,0,0,0,0,4,25,0,4,0,0,3,0,4,1,0,0,0,0,0,1,2,0,0,0,,95
Madrid,0,0,0,0,0,0,0,0,1,0,0,0,0,4,0,0,0,3,0,0,0,0,0,0,12,0,0,16,2,0,3,0,0,4,4,6,0,0,0,1,0,0,0,0,0,0,0,0,0,0,0,0,0,0,0,0,0,40,2,7,7,18,1,0,1,2,0,0,2,0,0,1,2,0,0,0,,139
Seville,1,0,0,0,0,0,0,0,0,0,0,0,0,4,0,0,1,7,0,0,0,0,0,0,9,0,0,5,4,0,1,0,0,5,6,1,0,0,0,0,0,0,0,0,0,0,2,0,0,0,0,0,0,0,0,0,1,22,0,9,3,16,1,0,13,0,0,0,5,1,0,2,2,0,0,0,,121
Valencia,0,0,0,1,0,0,1,0,0,0,0,0,0,6,0,0,0,1,0,0,0,0,1,0,5,0,0,8,4,0,0,0,0,4,8,2,0,0,0,0,0,0,0,0,1,0,0,0,0,0,0,0,0,0,0,0,0,16,0,5,3,6,1,1,12,1,0,0,1,0,0,0,0,0,0,0,,88
Granada,0,0,0,0,0,0,1,0,0,0,0,0,0,6,0,0,1,5,0,0,0,0,0,0,4,0,0,8,2,0,0,0,0,5,4,2,1,0,0,0,0,0,0,0,0,0,0,0,0,0,0,0,0,0,0,0,0,6,1,21,1,26,0,0,8,0,1,0,0,0,0,8,0,0,0,0,,111
Málaga,1,1,0,0,0,1,0,0,1,0,0,0,0,3,0,0,0,1,0,0,0,0,2,0,6,0,0,3,3,0,0,0,0,2,0,0,0,0,0,1,0,0,0,0,0,1,0,0,0,0,0,0,0,0,0,0,4,10,0,5,1,3,0,0,3,0,0,0,0,1,0,0,0,0,0,0,,53
Bilbao,0,0,0,0,0,1,1,0,0,0,0,0,0,1,0,0,0,3,0,0,0,0,3,0,12,1,0,2,4,0,0,0,0,2,5,3,0,1,0,0,0,0,0,0,0,0,1,0,0,0,0,0,0,0,0,0,1,18,0,7,2,0,0,0,2,0,0,0,11,4,0,1,2,0,0,0,,88
Ibiza,0,0,0,0,0,0,0,0,0,0,0,0,0,3,0,0,0,0,1,0,1,0,0,0,0,0,0,3,3,0,2,0,0,0,0,1,0,0,0,0,0,0,0,0,1,0,1,0,0,0,1,0,0,0,0,0,0,0,0,0,2,0,0,0,0,0,0,0,0,1,0,0,50,0,0,0,,70
Majorca,0,0,0,0,0,0,0,0,0,0,0,0,0,1,0,0,0,0,0,0,0,0,2,2,1,0,0,1,5,0,0,0,0,2,3,0,0,2,0,3,0,0,0,0,0,0,0,0,0,0,0,0,0,0,0,0,0,3,0,0,1,0,0,0,3,1,0,0,0,0,0,0,58,0,0,0,,88
San Sebastián,0,0,0,0,0,0,0,0,0,0,0,0,0,0,0,0,1,1,0,0,0,0,1,0,8,0,0,7,3,0,0,0,0,10,7,0,0,0,0,2,0,0,0,0,0,0,0,0,0,0,0,0,0,0,0,0,0,0,0,4,0,7,0,0,0,0,0,0,3,8,0,2,1,0,0,0,,65
Paris,1,0,0,0,0,0,0,0,0,0,0,0,0,1,0,0,2,5,3,1,0,0,0,0,10,0,0,5,16,0,0,0,0,2,13,1,0,0,0,1,0,0,0,0,5,1,0,0,0,0,0,0,0,0,0,0,0,10,0,2,6,8,1,0,3,1,0,0,2,0,0,0,1,0,0,0,,101
Nice,0,1,0,1,0,0,1,0,0,0,1,0,0,0,0,0,0,3,1,0,0,0,0,0,6,0,0,0,1,1,4,0,0,4,2,4,0,0,0,1,0,0,0,0,0,1,0,0,0,0,0,0,0,0,0,0,3,3,0,2,1,0,0,1,2,0,0,0,1,6,0,1,1,0,0,0,,53
Marseille,2,0,1,0,0,0,0,0,0,0,3,0,0,0,0,0,0,3,1,0,0,0,2,1,5,0,0,10,5,0,1,0,0,2,3,1,0,0,0,0,0,0,0,0,0,3,3,0,0,0,0,0,0,0,0,0,0,8,0,2,5,0,1,0,5,3,0,0,0,1,0,0,0,0,0,1,,72
Lyon,0,0,0,0,0,0,0,0,0,0,0,0,0,0,0,0,0,2,0,0,0,0,0,0,7,0,0,2,2,0,0,0,0,2,7,0,0,0,0,0,0,0,0,0,0,0,0,0,0,0,0,0,0,0,0,0,0,15,0,10,1,0,2,1,1,2,0,0,0,0,0,1,0,0,0,0,,55
Bordeaux,0,0,0,0,0,0,0,0,0,0,0,0,0,0,0,0,0,0,0,0,0,0,0,0,10,0,0,2,1,0,0,0,0,0,4,1,0,0,0,2,0,0,0,0,0,3,0,0,0,0,0,0,0,0,0,0,0,12,0,8,0,0,0,1,4,0,0,0,17,1,0,0,2,0,0,0,,68
Strasbourg,1,0,0,0,0,0,0,0,0,0,0,0,0,0,0,0,0,2,0,0,0,0,0,0,1,0,0,2,1,0,1,0,0,1,4,1,0,0,0,0,0,0,0,0,1,0,0,0,0,0,0,0,0,0,0,0,2,8,0,2,1,1,1,0,10,1,0,0,2,0,1,0,1,0,0,0,,45
Cannes,0,0,0,0,0,0,0,0,0,0,1,0,0,0,0,0,1,0,6,0,0,0,0,0,0,0,0,0,0,0,0,0,0,0,0,0,0,0,0,0,0,0,0,0,0,0,0,0,0,0,0,0,0,0,0,0,1,2,0,3,1,1,0,0,0,0,0,0,1,1,0,1,4,0,0,0,,23
Mont Saint-Michel,0,0,0,0,0,0,0,0,0,0,0,0,0,0,0,0,0,2,0,0,0,0,2,0,0,0,0,1,1,0,0,0,0,2,2,0,0,1,0,0,0,0,0,0,0,0,0,0,0,0,0,0,0,0,0,0,3,0,0,6,0,0,0,0,0,0,0,0,5,0,0,2,23,0,0,0,,50
Loire Valley,0,0,0,0,0,0,0,0,0,0,0,0,0,0,0,0,0,0,0,0,0,0,0,0,0,0,0,2,0,0,0,0,0,0,0,0,0,0,0,1,0,0,0,0,0,0,0,0,0,0,0,0,0,0,0,0,1,2,0,0,1,0,0,0,0,0,0,0,1,0,0,0,0,0,0,0,,8
French Alps(France),0,0,0,0,0,0,0,0,0,0,0,0,0,0,0,0,0,0,0,0,0,0,0,0,0,0,0,0,0,0,0,0,0,0,0,0,1,1,0,0,0,0,0,0,0,0,0,0,0,1,0,0,0,0,0,0,0,0,0,0,0,0,0,0,0,0,0,0,0,0,0,0,0,0,0,0,,3
Vienna,0,1,0,0,0,0,0,0,0,0,0,0,0,0,0,0,0,6,0,0,0,0,0,0,3,0,0,4,14,0,0,0,0,4,10,4,0,0,0,2,0,0,0,0,0,1,1,0,0,0,0,0,0,0,0,0,0,38,0,13,2,9,0,4,2,1,0,1,0,0,0,1,6,0,0,0,,127
Salzburg,0,1,0,0,0,0,0,0,0,0,0,0,0,0,0,0,1,1,0,0,0,0,0,0,7,0,0,1,2,0,0,0,0,0,3,2,3,0,0,0,0,0,0,0,0,2,0,0,0,0,0,0,0,0,0,0,3,7,0,11,1,6,0,0,12,2,0,0,1,10,0,5,0,0,0,0,,81
Innsbruck,0,0,0,0,0,0,0,0,1,0,0,0,0,0,0,0,0,0,0,0,0,0,0,1,1,0,0,2,1,0,1,1,0,0,1,1,2,0,0,0,0,0,0,0,0,0,0,0,0,0,0,0,0,0,0,0,5,8,0,27,0,1,0,1,1,2,0,0,4,1,0,0,0,0,0,0,,62
Hallstatt,0,0,0,0,0,0,0,0,0,0,0,0,0,0,0,0,0,0,0,0,0,0,0,0,0,0,0,2,1,0,0,1,0,0,0,0,0,0,0,0,0,0,0,0,0,0,0,0,0,0,0,0,0,0,0,0,0,3,0,0,0,0,0,3,0,0,0,0,0,0,0,0,0,0,0,0,,10
Graz,0,0,0,0,0,0,0,0,4,0,0,0,0,0,0,0,1,2,0,0,0,0,0,0,2,0,0,5,2,0,0,0,0,0,1,3,0,0,0,0,0,0,0,0,1,1,0,0,0,0,0,0,0,0,0,0,18,31,0,7,0,7,1,1,2,2,0,0,0,2,0,0,4,0,0,0,,97
Zell am See(Austria),0,0,0,0,0,0,0,0,0,0,0,0,0,0,0,0,0,0,2,0,0,0,0,0,0,0,0,0,3,0,0,0,0,0,0,1,3,0,0,1,0,0,0,0,0,0,0,0,0,0,0,0,0,0,0,0,6,1,0,8,1,0,0,10,0,0,0,0,0,1,0,1,0,0,0,0,,38
Wachau Valley,0,0,0,0,0,0,0,0,0,0,0,0,0,0,0,0,1,4,0,0,0,2,0,0,1,0,0,3,2,0,0,0,0,0,3,0,0,0,0,0,0,0,0,0,0,0,0,0,0,0,0,0,0,0,0,0,21,3,0,10,1,0,0,0,0,0,0,0,0,2,0,8,0,0,0,0,,61
Bregenz,0,0,0,0,0,0,0,0,2,0,0,0,0,0,0,0,0,0,0,2,0,0,0,0,0,0,0,0,0,0,0,0,0,1,2,0,1,0,0,0,0,0,0,0,0,0,1,0,0,0,0,0,0,0,0,0,1,3,0,5,0,1,0,12,0,0,0,0,0,1,0,1,0,0,0,0,,33
Vienna Woods,0,0,0,0,0,0,0,0,0,0,0,0,0,0,0,0,0,0,0,0,0,0,0,0,1,0,0,0,1,0,0,0,0,0,0,0,0,0,0,0,0,0,0,0,0,0,0,0,0,0,0,0,0,0,0,0,0,0,0,0,0,0,0,0,0,0,0,0,0,0,0,0,0,0,0,0,,2
Bad Gastein,0,0,0,0,0,0,0,0,0,0,0,0,0,0,0,0,0,0,0,0,0,0,0,0,1,0,0,0,3,1,0,1,0,0,1,0,2,0,0,0,0,0,0,0,0,0,0,0,0,1,0,0,0,0,0,0,0,2,0,0,0,2,0,0,0,0,0,0,0,0,0,0,0,2,0,0,,16
Brussels,2,0,0,0,0,0,0,0,0,0,0,0,0,0,1,0,0,6,2,0,0,0,1,0,8,0,0,9,7,0,0,0,0,3,7,3,0,0,0,3,0,0,0,0,0,9,0,0,0,0,0,0,0,0,0,0,0,9,0,7,4,19,1,0,6,0,0,0,0,0,0,0,2,0,0,0,,109
Bruges,0,0,0,0,1,0,0,0,0,0,0,0,0,0,0,0,0,3,0,0,0,0,2,0,0,0,0,2,2,0,0,0,0,0,3,0,0,0,0,1,0,0,0,0,0,1,0,0,0,0,0,0,0,0,0,0,0,13,0,5,5,0,0,0,3,0,0,0,5,0,1,0,0,0,0,0,,47
Ghent,0,0,0,1,0,0,0,0,0,0,0,0,0,0,0,0,1,0,0,0,0,0,0,0,0,0,0,1,0,0,0,0,0,1,2,0,0,0,0,4,0,0,0,0,0,1,0,0,0,0,0,0,0,0,0,0,1,9,0,5,0,0,0,0,3,1,0,0,0,0,0,0,0,0,0,0,,30
Antwerp,0,0,0,0,0,0,0,0,0,0,0,0,0,0,1,0,0,5,0,0,0,0,0,0,7,0,0,7,10,0,0,0,1,0,1,3,0,0,0,0,0,0,0,0,1,0,0,0,0,0,0,0,0,0,0,0,6,22,0,5,3,2,0,0,2,0,0,0,2,0,0,0,0,0,0,0,,78
Leuven,0,0,0,0,0,0,0,0,1,0,0,0,0,0,0,0,0,1,0,0,0,0,0,0,0,0,0,4,0,0,0,0,0,0,2,1,0,0,0,2,0,0,0,0,0,1,0,0,0,0,0,0,0,0,0,0,2,2,0,7,1,0,0,0,0,0,0,0,0,0,0,0,1,0,0,0,,25
Dinant,0,0,0,0,0,0,0,0,0,0,0,0,0,0,0,0,0,0,0,0,0,0,0,0,0,0,0,1,0,0,0,0,0,2,1,0,0,0,0,0,0,0,0,0,0,0,0,0,0,0,0,0,0,0,0,0,1,2,0,5,1,0,0,0,0,0,0,0,1,0,0,0,1,0,0,0,,15
Ypres,0,0,0,0,0,0,0,0,0,0,0,0,0,0,0,0,0,0,0,0,0,0,0,0,0,1,0,0,0,0,0,0,0,0,1,0,0,0,0,0,0,0,0,0,0,0,0,0,0,0,0,0,0,0,0,0,0,2,0,2,0,0,0,0,5,0,0,0,0,0,0,0,0,0,0,0,,11
Spa,0,0,0,0,0,0,0,0,0,0,0,0,0,0,0,0,0,0,1,0,0,0,0,0,1,0,0,0,2,0,0,0,0,0,0,0,0,0,0,0,0,0,0,0,0,0,0,0,0,0,0,0,0,0,0,0,0,0,0,0,0,0,0,0,0,0,0,0,0,0,0,0,0,0,0,0,,4
Ostend,0,0,1,0,0,0,0,0,0,0,0,0,0,0,0,0,0,0,1,0,0,0,2,0,0,0,0,0,1,0,0,0,0,0,1,0,0,0,0,0,0,0,0,0,0,1,2,0,0,0,0,0,0,0,0,1,0,5,0,1,3,0,0,1,0,0,0,0,0,0,0,0,1,0,0,0,,21
Namur,0,0,0,0,0,0,0,0,0,0,0,0,0,0,0,0,0,0,0,0,0,0,0,0,0,0,0,1,1,0,0,0,0,0,0,0,0,0,0,0,0,0,0,0,0,0,0,0,0,0,0,0,0,0,0,0,2,2,0,0,0,0,0,0,1,0,0,0,0,0,0,0,0,0,0,0,,7
Copenhagen,0,0,0,4,6,4,0,0,0,0,0,0,0,0,0,0,2,4,0,0,0,0,0,0,19,0,0,10,9,0,0,0,0,1,13,12,0,0,0,4,0,0,0,0,2,0,0,0,0,0,0,0,0,0,0,0,8,15,1,18,2,12,0,0,1,3,0,0,7,1,1,0,7,0,0,0,,166
Aarhus,0,0,0,1,7,1,0,0,0,0,0,0,0,0,0,0,2,1,0,0,0,0,1,0,7,3,0,17,11,0,0,0,0,4,4,4,0,2,0,2,0,0,0,0,1,2,6,0,0,0,0,0,1,0,0,0,0,20,0,16,5,2,0,8,11,0,0,0,0,3,0,0,0,0,0,3,,145
Odense(Denmark),0,0,0,0,2,0,0,0,0,0,0,0,0,0,0,0,0,1,0,0,0,0,4,0,1,0,0,4,2,0,0,0,0,1,4,5,0,0,0,5,0,0,0,0,0,3,0,0,0,0,0,0,0,0,0,0,0,20,0,16,0,5,0,1,7,0,0,0,5,1,0,6,7,0,0,11,,111
Legoland Billund,0,0,0,0,2,0,0,0,0,0,0,0,0,0,0,0,0,1,0,0,0,0,0,0,1,0,0,2,1,0,0,0,0,1,1,0,0,0,0,0,0,0,0,0,0,0,0,0,0,0,0,0,0,0,0,0,0,2,0,15,0,0,0,0,0,0,0,0,0,0,0,0,0,0,0,0,,26
Ribe,0,0,0,0,3,0,0,0,0,0,0,0,0,0,0,0,1,0,0,0,0,0,0,0,0,0,0,0,0,0,0,0,0,0,0,0,0,0,0,0,0,0,0,0,0,0,0,0,0,0,0,0,0,0,0,0,1,2,0,5,1,0,0,0,6,0,0,0,0,0,0,0,0,0,0,0,,19
Roskilde,0,0,0,1,3,0,0,0,0,0,0,0,0,0,0,0,0,0,1,0,0,0,0,0,0,0,0,1,4,0,0,0,0,0,1,1,0,0,0,0,0,0,0,0,0,2,0,0,0,0,0,0,0,0,0,0,0,21,0,18,2,2,0,0,20,0,0,0,0,5,0,0,1,0,0,10,,93
Helsingør,0,0,0,0,0,1,0,0,0,0,0,0,0,0,0,0,0,2,0,0,0,0,1,0,0,0,0,1,1,0,0,0,0,0,1,2,0,0,0,0,0,0,0,0,1,0,0,0,0,0,0,0,0,0,0,0,9,2,0,4,0,0,0,0,3,1,0,0,0,0,0,0,1,0,0,0,,30
Aalborg,1,0,0,1,5,0,0,0,0,0,0,0,0,0,0,0,0,4,0,0,0,0,0,0,6,0,0,7,3,0,0,0,0,2,9,4,0,0,0,1,0,0,0,0,0,2,2,0,0,0,0,0,0,0,0,0,5,14,0,21,5,0,0,2,4,2,0,0,9,2,2,2,8,0,0,0,,123
Aarhus Botanical Garden,0,0,0,0,0,0,0,0,0,0,0,0,0,0,0,0,0,0,0,1,0,0,0,0,0,0,0,0,1,0,0,0,0,0,0,2,0,0,0,0,0,0,0,0,0,0,0,0,0,0,0,0,0,0,0,0,0,3,0,0,0,0,5,0,0,0,0,0,0,2,0,0,0,0,0,0,,14
Tivoli Gardens,0,0,0,0,1,0,0,0,0,0,0,0,0,0,0,0,0,0,0,0,0,1,0,0,0,0,0,1,3,0,0,0,0,0,1,0,0,0,0,0,0,0,0,0,0,0,0,0,0,0,0,0,0,0,0,0,0,0,0,0,0,0,0,1,0,0,0,0,0,0,0,0,0,0,0,0,,8
Berlin,0,0,0,0,0,0,0,0,2,0,0,0,0,0,0,0,0,3,0,3,0,0,0,0,12,0,0,7,10,0,0,0,0,1,10,2,0,0,0,1,0,0,0,0,0,0,0,0,0,0,0,0,1,0,0,0,0,30,0,18,1,13,1,0,5,0,0,0,5,0,0,0,7,0,0,0,,132
Munich,1,1,0,0,0,0,0,0,0,0,0,0,0,0,0,0,0,0,0,0,0,0,0,0,7,2,0,10,10,0,0,0,0,3,8,6,0,0,0,2,0,0,0,0,0,0,0,0,0,0,0,0,0,0,0,0,2,11,0,10,6,5,0,2,2,2,0,0,3,7,0,0,0,0,0,0,,100
Frankfurt,0,0,0,0,0,0,0,0,1,0,0,0,0,0,0,0,0,6,3,1,0,0,0,0,13,0,0,8,7,0,0,0,0,5,8,13,0,0,0,2,0,0,0,0,1,13,0,0,0,0,0,1,0,0,0,0,1,47,1,19,17,3,3,0,12,4,0,1,7,5,4,1,1,0,0,0,,208
Cologne,2,0,0,0,0,0,0,0,1,0,0,0,0,0,0,0,0,2,0,0,0,0,0,0,7,0,0,6,1,0,0,0,0,0,11,4,0,0,0,2,0,0,0,0,0,4,0,0,0,0,0,0,0,0,0,0,0,15,0,10,2,0,2,0,10,2,0,0,10,0,0,0,0,0,0,0,,91
Hamburg,0,0,0,2,2,0,0,0,1,0,0,0,0,0,0,0,0,2,0,0,0,0,0,0,7,0,0,4,2,0,0,0,0,1,2,5,0,0,0,2,0,0,0,0,1,0,3,0,0,0,0,0,0,0,0,0,2,11,1,8,1,0,2,0,0,0,0,0,1,2,0,0,2,0,0,0,,64
Dresden,0,1,0,0,0,0,0,0,0,0,0,0,0,0,0,0,0,3,0,1,0,0,0,0,10,1,0,10,0,0,0,0,0,3,4,2,0,0,0,0,0,0,0,0,0,0,0,0,0,0,0,0,0,0,0,0,7,15,0,10,5,7,1,0,5,2,0,0,7,1,0,0,0,0,0,0,,95
Heidelberg,1,1,0,0,0,0,0,0,0,0,0,0,0,0,0,0,2,5,0,0,0,2,0,0,1,0,0,2,4,0,0,0,0,0,7,2,0,0,0,0,0,0,0,0,0,1,0,0,0,0,0,0,0,0,0,0,30,7,0,18,6,6,0,0,0,0,0,0,7,16,0,5,0,0,0,0,,123
Rothenburg ob der Tauber,0,0,0,0,0,0,0,0,0,0,0,0,0,0,0,0,2,2,0,0,0,1,0,0,0,0,0,1,2,0,0,1,0,0,1,0,0,0,0,0,0,0,0,0,0,0,0,0,0,0,0,0,0,0,0,0,10,9,0,10,2,0,0,0,0,0,0,0,1,3,0,3,2,0,0,0,,50
Neuschwanstein Castle,0,0,0,0,0,0,0,0,0,0,0,0,0,0,0,0,2,0,0,0,0,1,0,0,0,0,0,1,1,1,0,0,0,0,1,0,0,0,0,0,0,0,0,0,1,0,0,0,0,0,0,0,0,0,0,0,44,0,0,1,0,60,0,1,0,0,0,0,0,0,0,0,0,1,0,0,,115
Black Forest,0,0,0,0,0,0,0,0,1,0,0,0,0,0,0,0,0,0,1,0,0,1,0,0,0,2,0,4,6,1,0,0,0,4,0,0,2,5,0,0,0,0,0,0,0,0,0,0,0,0,0,0,0,0,0,0,0,11,1,0,2,0,0,3,0,0,0,0,0,0,0,1,1,0,0,0,,46
Monaco-Ville,2,0,0,0,0,0,0,0,0,0,2,0,0,0,0,0,0,0,1,0,0,0,1,0,1,0,0,0,1,0,0,0,0,3,3,1,0,0,0,0,0,0,0,0,0,0,0,0,0,0,0,0,0,0,0,0,1,8,0,19,2,4,0,1,2,2,0,0,1,0,0,0,0,0,0,0,,55
Monte Carlo,0,0,0,0,0,0,0,0,0,0,1,0,0,0,0,0,0,0,2,0,0,0,0,0,0,0,0,1,1,0,0,0,0,1,0,0,0,0,0,0,0,0,0,0,0,0,0,0,0,0,0,0,0,0,0,0,0,2,0,1,0,2,0,0,1,1,0,0,0,0,0,0,0,0,0,0,,13
Casino Square,0,0,0,0,0,0,0,0,0,0,1,0,0,0,0,0,0,0,2,0,0,0,0,0,0,0,0,1,1,0,0,0,0,1,0,0,0,0,0,0,0,0,0,0,0,0,0,0,0,0,0,0,0,0,0,0,0,2,0,1,0,2,0,0,1,1,0,0,0,0,0,0,0,0,0,0,,13
Oceanographic Museum,0,0,0,0,0,0,0,0,0,0,0,0,0,0,0,0,0,0,0,0,0,0,0,0,0,0,0,0,0,0,0,0,0,0,0,0,0,0,0,0,0,0,0,0,0,0,0,0,0,0,0,0,0,0,0,0,0,11,0,0,0,0,0,0,0,0,0,0,0,0,0,0,0,0,0,0,,11
Japanese Garden,0,0,0,0,0,0,0,0,0,0,0,0,0,0,0,0,0,0,0,0,0,0,0,0,0,0,0,0,0,0,0,0,0,0,0,0,0,0,0,0,0,0,0,0,0,0,0,0,0,0,0,0,0,0,0,0,0,0,0,0,0,0,0,0,0,0,0,0,0,0,0,0,0,1,0,0,,1
Saint-Martin Gardens,2,0,1,0,0,0,0,0,0,0,0,0,0,0,0,0,0,0,0,0,0,0,0,0,0,0,0,0,0,0,0,0,0,0,0,0,0,0,0,0,0,0,0,0,0,0,0,0,0,0,0,0,0,0,0,0,0,3,0,0,0,2,1,0,0,0,0,0,0,0,0,0,0,0,0,0,,9
Exotic Garden,0,0,0,0,0,0,0,0,0,0,0,0,0,0,0,0,0,0,0,0,0,0,0,0,0,0,0,0,0,0,0,0,0,0,0,0,0,0,0,0,0,0,0,0,0,0,0,0,0,0,0,0,0,0,0,0,0,4,0,0,0,0,1,0,0,0,0,0,0,0,0,0,0,0,0,0,,5
Rainier III Botanical Garden,2,0,1,0,0,0,0,0,0,0,0,0,0,0,0,0,0,0,0,0,0,0,0,0,0,0,0,0,0,0,0,0,0,0,0,0,0,0,0,0,0,0,0,0,0,0,0,0,0,0,0,0,0,0,0,0,0,3,0,0,0,2,1,0,0,0,0,0,0,0,0,0,0,0,0,0,,9
Larvotto Beach,0,0,0,0,0,0,0,0,0,0,0,0,0,0,0,0,0,0,0,0,0,0,3,0,0,0,0,0,1,0,0,0,0,0,0,1,0,0,0,0,0,0,0,0,0,0,0,0,0,0,0,0,0,0,0,0,0,0,0,0,0,0,0,0,0,0,0,0,0,0,0,0,0,0,0,0,,5
Grimaldi Forum,0,0,0,0,0,0,0,0,0,0,1,0,0,0,0,0,0,1,0,0,0,0,0,0,0,0,0,0,0,0,0,0,0,0,0,0,0,0,0,0,0,0,0,0,0,0,0,0,0,0,0,0,0,0,0,0,0,0,0,0,0,0,0,0,0,0,0,0,0,0,0,0,0,0,0,0,,2
Moscow,1,2,0,0,0,0,0,0,0,0,0,0,0,0,0,0,0,11,1,0,0,0,0,0,12,0,0,4,4,0,0,0,0,2,3,6,1,0,0,0,0,0,0,0,0,2,1,0,0,0,0,0,0,0,0,0,0,20,0,7,2,8,2,0,10,0,0,0,3,0,0,3,2,0,0,0,,107
St. Petersburg,0,1,0,0,1,0,0,0,0,2,0,0,0,0,0,0,2,8,0,3,0,0,1,0,4,0,0,7,9,1,0,0,0,1,8,2,0,0,0,0,0,0,0,0,0,0,0,0,0,0,0,0,0,0,0,0,2,33,0,13,0,34,1,4,16,0,0,0,13,0,0,0,18,0,0,0,,184
Sochi,0,0,0,0,0,0,0,0,0,0,0,0,0,0,0,0,0,2,0,1,0,0,3,0,5,0,0,0,2,1,0,0,0,0,3,0,0,0,0,0,0,0,0,0,0,0,0,0,0,0,0,0,0,0,0,0,0,1,0,6,2,0,2,0,1,0,0,0,0,0,0,0,1,0,0,0,,30
Kazan,0,0,0,1,0,0,0,0,0,0,0,0,0,0,0,0,0,6,0,0,0,0,0,0,3,0,0,3,4,0,1,0,0,0,7,2,0,0,0,1,0,0,0,0,0,2,0,0,0,0,0,0,0,0,0,0,1,1,0,1,0,3,0,3,4,0,0,0,3,0,0,4,0,0,0,0,,50
Vladivostok,0,0,0,0,0,0,0,0,0,0,0,0,0,0,0,0,0,7,0,2,0,0,2,0,7,0,0,5,2,0,1,0,0,0,5,0,0,0,0,0,0,0,0,0,0,0,0,0,0,0,0,0,0,0,0,0,0,8,2,2,0,0,0,0,0,1,0,0,8,0,2,0,8,0,0,0,,62
Lake Baikal,0,0,0,0,0,0,0,0,0,0,0,0,0,0,0,0,0,1,0,0,0,1,0,0,0,0,0,0,5,0,0,0,0,0,0,3,0,2,0,0,0,0,0,0,0,0,0,0,0,0,0,0,0,0,0,0,0,0,0,0,0,0,0,143,0,0,0,0,0,0,0,0,8,0,0,0,,163
Kamchatka Peninsula,0,0,0,0,0,0,0,0,0,0,0,0,0,0,0,0,0,0,0,0,0,0,2,0,0,0,0,0,1,0,0,0,0,0,0,0,0,0,0,0,0,0,0,0,0,0,0,0,0,1,0,0,0,0,0,0,0,0,0,0,0,0,0,2,0,0,0,0,0,0,1,0,4,0,0,0,,11
Golden Ring,0,0,0,0,0,0,0,0,0,0,0,0,0,0,0,0,0,0,0,0,0,0,0,0,0,0,0,0,1,0,0,0,0,0,0,0,0,0,0,0,0,0,0,0,0,0,0,0,0,0,0,0,0,0,0,0,0,4,0,3,0,0,0,2,3,0,0,0,0,0,0,3,0,0,0,0,,16
Trans-Siberian Railway,0,0,0,0,0,0,0,0,0,0,0,0,0,0,0,0,0,0,0,0,0,0,0,0,0,0,0,0,1,0,0,0,0,0,1,1,0,0,0,0,0,0,0,0,0,0,0,0,0,0,0,0,0,0,0,0,0,1,0,0,0,0,0,9,0,0,0,0,1,0,0,0,2,0,0,0,,16
St. Basil's Cathedral,0,0,0,1,0,0,0,0,0,0,0,0,0,0,0,0,0,4,0,0,0,0,0,0,2,0,0,3,1,0,0,0,0,2,1,2,0,0,0,0,0,0,0,0,0,0,0,0,0,0,0,0,0,0,0,0,0,5,0,107,1,0,0,0,34,0,0,0,0,0,0,0,0,0,0,0,,163
Athens,0,1,0,0,0,0,0,0,0,0,0,0,0,0,0,0,0,3,0,0,0,1,4,0,33,0,0,4,5,0,0,0,0,0,22,5,1,1,0,0,0,0,0,0,0,0,0,0,0,0,0,0,0,0,0,0,0,26,1,1,0,2,0,0,0,0,0,0,1,0,0,1,3,0,0,0,,115
Santorini,0,0,0,0,0,0,0,0,0,0,0,0,0,0,0,0,0,1,0,0,0,0,1,0,0,0,0,0,4,0,0,0,0,3,0,0,0,0,0,0,0,0,0,0,0,0,1,0,0,0,0,0,0,0,0,0,0,0,0,2,0,1,0,0,0,0,0,0,0,0,0,2,79,0,0,0,,94
Mykonos,0,0,0,0,0,0,0,0,0,0,0,0,0,0,0,0,1,2,0,0,0,0,0,0,0,0,0,1,4,0,2,0,0,4,1,1,0,0,0,0,0,0,0,0,0,0,1,0,0,0,0,0,0,0,0,0,5,9,0,7,0,0,0,0,0,0,0,0,0,0,1,0,31,0,0,0,,70
Crete,1,0,0,0,0,0,0,0,0,0,0,0,0,0,0,0,2,1,1,0,0,0,0,3,3,1,0,6,2,0,1,0,0,2,7,3,0,0,0,0,0,0,0,0,0,0,0,0,0,0,0,0,0,0,0,1,1,6,0,0,1,3,0,8,0,0,0,0,0,0,0,5,80,1,0,0,,139
Rhodes,0,0,0,0,0,0,0,0,0,0,0,0,0,0,0,0,0,5,0,0,0,0,3,1,2,0,0,4,2,0,0,0,0,3,5,0,0,0,0,4,0,0,0,0,0,0,1,0,0,0,0,0,0,0,0,0,2,2,0,1,0,3,0,0,0,0,0,0,0,4,0,0,84,0,0,0,,126
Corfu,0,1,2,0,1,0,0,1,0,0,0,0,0,0,0,0,0,3,0,0,0,0,0,1,4,2,0,2,7,0,0,0,0,6,15,7,0,0,0,0,0,0,0,0,0,0,1,0,0,0,0,0,0,0,0,0,29,15,1,10,1,12,0,1,7,7,1,0,5,6,0,5,137,0,0,0,,290
Meteora,0,0,0,0,0,0,0,0,0,0,0,0,0,0,0,0,0,0,0,0,0,0,0,0,0,0,0,2,3,0,0,0,0,1,3,0,0,0,0,0,0,0,0,0,0,0,0,0,0,0,0,0,0,0,0,0,0,4,0,7,0,0,0,1,1,0,0,0,1,0,0,49,0,0,0,0,,72
Delphi,0,0,0,0,0,0,0,0,0,0,0,0,0,0,0,0,0,2,1,0,0,0,0,0,0,0,0,1,3,0,0,0,0,1,10,0,0,0,0,0,0,0,0,0,0,0,0,0,0,0,0,0,0,0,0,0,0,5,0,1,2,1,0,1,0,0,0,0,0,0,0,1,0,0,0,0,,29
Nafplio,0,0,0,0,1,0,0,1,0,0,0,0,0,0,0,0,0,2,0,0,0,0,1,0,0,0,0,0,2,0,0,0,0,3,7,1,0,0,0,0,0,0,0,0,0,0,0,0,0,0,0,0,0,0,0,0,1,1,0,1,0,0,0,0,0,0,0,0,0,4,0,0,1,0,0,0,,26
Olympia,0,0,0,0,0,0,0,0,0,0,0,0,0,0,0,0,0,1,0,0,0,0,0,0,1,0,0,0,0,0,0,0,0,1,10,0,0,0,0,0,0,0,0,0,0,0,0,0,0,0,0,0,0,0,0,0,0,3,0,0,0,0,0,0,0,0,2,0,1,0,0,0,0,0,0,0,,19
Lisbon,0,0,1,0,0,0,0,0,0,0,0,0,0,6,0,0,0,8,0,0,0,0,1,0,9,0,0,14,8,0,0,0,0,5,13,3,0,0,0,2,0,0,0,0,0,3,1,0,0,0,0,0,0,0,0,0,6,26,0,2,2,6,0,0,2,1,0,0,13,0,0,3,2,0,0,0,,137
Porto,0,0,1,0,0,0,0,0,0,0,0,0,0,5,0,0,0,2,0,0,0,0,2,0,9,0,0,0,12,0,4,0,0,2,7,1,0,0,0,0,0,0,0,0,1,0,1,0,0,0,0,0,0,0,0,0,0,3,0,4,0,3,0,0,4,0,0,0,20,0,0,2,0,0,0,0,,83
Algarve,0,1,1,0,1,0,0,0,0,0,0,0,0,9,1,0,0,7,4,1,0,0,12,1,2,2,0,7,7,1,0,0,0,10,4,0,0,0,0,4,0,0,0,0,0,2,1,0,0,0,0,0,0,0,0,2,0,3,0,0,1,0,0,0,0,0,0,0,1,0,0,0,0,0,0,0,,85
Madeira,0,0,0,0,0,0,0,0,0,0,0,0,0,0,0,0,0,1,0,0,0,0,1,1,0,0,0,1,13,0,0,0,0,6,1,0,0,1,0,0,0,0,0,0,0,0,0,0,0,0,0,0,0,0,0,0,0,1,0,2,2,1,0,0,0,0,0,0,0,0,1,0,51,0,0,0,,83
Sintra,0,0,0,0,0,0,0,0,0,0,0,0,0,1,0,0,4,0,0,0,0,2,2,0,4,0,0,4,2,0,0,0,0,0,1,0,0,0,0,1,0,0,0,0,0,0,0,0,0,0,0,0,0,0,0,0,15,2,0,7,1,25,0,0,0,0,0,1,0,1,0,7,1,0,0,0,,81
Óbidos,0,0,0,0,0,0,0,0,0,0,0,0,0,0,0,0,0,1,0,0,0,0,0,0,2,0,0,0,1,0,0,0,0,2,0,0,0,0,0,0,0,0,0,0,0,0,0,0,0,0,0,0,0,0,0,0,8,0,0,2,3,0,0,0,0,0,0,0,0,0,0,0,0,0,0,0,,19
Aveiro,0,0,0,0,0,0,0,0,0,0,0,0,0,1,0,0,0,2,0,0,0,0,1,0,3,0,0,0,1,0,0,0,0,4,0,0,0,0,0,0,0,0,0,0,0,4,0,0,0,0,0,0,0,0,0,0,0,3,0,5,1,0,0,0,1,0,0,0,0,1,0,2,0,0,0,0,,29
Braga,0,0,0,0,0,0,0,0,1,0,0,0,0,4,0,0,0,8,0,0,0,0,0,2,12,1,0,2,1,0,0,0,0,0,1,0,0,0,0,0,0,0,0,0,1,0,0,0,0,0,0,0,0,0,0,0,5,16,0,39,0,5,0,0,10,0,0,0,2,0,0,6,0,0,0,0,,116
Coimbra,0,0,0,0,0,0,0,0,0,0,0,0,0,2,0,0,0,4,0,0,0,0,1,0,5,0,0,4,2,0,0,0,0,2,2,4,0,0,0,0,0,0,0,0,0,5,0,0,0,0,0,0,0,0,0,1,2,4,0,8,9,8,3,0,4,0,0,0,4,0,0,11,0,0,0,0,,85
Douro Valley,1,0,0,0,0,0,0,0,0,0,0,0,0,2,0,0,0,1,0,0,0,1,0,0,0,0,0,1,0,0,0,0,0,0,2,0,0,0,0,0,0,0,0,0,0,0,0,0,0,0,0,0,0,0,0,0,0,0,0,0,0,0,0,1,0,0,0,0,0,0,0,0,0,0,0,0,,9
Oslo,0,0,0,0,0,0,0,0,0,0,0,0,0,0,0,0,0,0,0,0,0,0,0,0,10,0,0,6,4,0,0,0,0,0,6,8,2,1,0,0,0,0,0,0,0,0,0,0,0,0,0,0,1,0,0,0,1,26,1,5,1,4,1,2,0,3,0,0,0,4,0,0,0,0,0,3,,89
Bergen,0,0,0,0,3,0,0,0,0,0,0,0,0,0,0,0,0,1,0,0,0,0,2,0,8,0,0,2,1,0,0,0,0,2,5,1,0,0,0,0,0,0,0,0,0,0,0,0,0,0,0,0,0,0,0,0,1,3,0,4,0,0,0,0,3,0,0,0,5,0,0,0,1,0,0,4,,46
Sognefjord,0,0,0,0,0,0,0,0,0,0,0,0,0,0,0,0,0,0,0,0,0,0,0,0,1,0,0,0,0,0,0,0,0,0,0,0,0,0,0,0,0,0,0,0,0,0,0,0,0,0,0,0,0,0,0,0,0,0,0,0,0,0,0,0,0,0,0,0,0,0,0,0,1,0,0,25,,27
Geirangerfjord,0,0,0,0,0,0,0,0,0,0,0,0,0,0,0,0,0,0,0,0,0,0,0,0,0,0,0,0,1,0,0,0,0,0,0,0,0,0,0,0,0,0,0,0,0,0,0,0,0,0,0,0,0,0,0,0,0,0,0,0,0,0,0,0,0,0,0,0,0,0,0,0,0,1,0,18,,20
Lofoten Islands,0,0,0,0,0,0,0,0,0,0,0,0,0,0,0,0,0,0,0,0,0,0,0,0,0,0,0,0,2,2,0,0,0,1,0,0,0,0,0,4,0,0,0,0,0,0,0,0,0,0,0,0,0,0,0,0,0,1,0,0,0,0,0,0,0,0,0,0,0,0,1,0,13,0,0,0,,24
Tromsø,0,0,0,1,1,0,0,0,1,0,0,0,0,0,0,0,0,0,0,0,0,0,3,0,1,0,0,6,3,0,1,0,0,2,3,0,1,0,0,0,0,0,0,0,1,0,0,0,0,0,0,0,0,0,0,0,0,8,1,10,0,0,2,1,4,0,0,0,4,0,0,0,20,0,0,1,,75
Jotunheimen National Park,0,0,0,1,1,0,0,0,0,0,0,0,0,0,0,0,1,0,0,0,0,0,0,1,0,0,0,0,0,0,0,0,0,0,0,0,0,1,0,0,0,0,0,0,0,0,0,0,0,0,0,0,0,0,0,0,0,0,0,0,0,0,0,2,0,0,0,0,0,0,0,0,0,0,0,0,,7
Hardangervidda National Park,0,0,0,0,0,0,0,0,0,0,0,0,0,0,0,0,0,0,0,0,0,0,0,0,0,0,0,0,1,0,0,0,0,0,0,0,1,6,0,1,0,0,0,0,0,0,0,0,0,0,0,0,0,0,0,0,0,0,0,0,0,0,0,1,0,0,0,0,0,0,0,0,0,0,0,0,,10
Preikestolen,0,0,0,0,0,0,0,0,0,0,0,0,0,0,0,0,0,0,0,0,0,0,1,0,0,0,0,0,1,0,0,0,0,0,0,0,0,1,0,0,0,0,0,0,0,0,0,0,0,0,0,0,0,0,0,0,0,0,0,0,0,0,0,0,0,0,0,0,0,0,0,0,0,0,0,2,,5
Flåm,0,0,0,0,0,0,0,0,0,0,0,0,0,0,0,0,0,0,0,0,0,0,0,0,0,0,0,0,0,0,0,0,0,0,0,0,0,0,0,0,0,0,0,0,0,0,0,0,0,0,0,0,0,0,0,0,0,1,0,2,0,0,0,0,0,0,0,0,0,0,0,0,0,0,0,4,,7
Stockholm,0,1,0,1,7,5,0,0,0,0,0,0,0,0,0,0,2,7,1,0,0,0,1,0,11,0,0,12,12,0,0,0,0,0,11,14,0,0,0,0,0,0,0,0,1,3,0,0,0,0,0,0,0,0,0,0,3,31,2,7,2,10,1,4,1,0,0,0,1,4,0,0,6,0,0,0,,161
Gothenburg,0,0,0,0,11,2,0,0,0,0,0,0,0,0,0,0,1,0,0,0,0,0,0,0,0,0,0,2,10,0,0,0,0,1,3,1,0,0,0,0,0,0,0,0,0,2,2,0,0,0,0,0,0,0,0,0,0,8,0,6,0,1,1,0,0,0,0,0,1,0,1,0,2,0,0,0,,55
Malmö,0,0,0,0,5,1,0,0,0,0,0,0,0,0,0,0,0,2,0,1,0,0,0,0,7,0,0,0,3,0,0,0,0,0,5,0,0,0,0,0,0,0,0,0,0,0,0,0,0,0,0,0,0,0,0,0,1,9,0,8,0,0,0,0,0,0,0,0,13,0,5,0,0,0,0,0,,60
Lapland,0,0,0,1,1,0,0,0,0,0,0,0,0,0,1,0,0,3,0,0,0,0,2,0,0,0,0,3,0,0,0,0,0,1,0,0,0,0,0,0,0,0,0,0,0,0,0,0,0,0,0,0,0,0,0,0,0,0,0,0,0,0,0,0,0,0,0,0,0,0,0,0,1,0,0,0,,13
Fjällbacka,0,0,0,0,0,0,0,0,0,0,0,0,0,0,0,0,0,0,0,0,0,0,0,0,0,0,0,0,0,0,0,0,0,0,0,0,0,0,0,0,0,0,0,0,0,0,0,0,0,0,0,0,0,0,0,0,0,0,0,0,0,0,0,0,0,0,0,0,0,0,0,0,0,0,0,0,,0
Visby,0,0,0,0,2,1,0,0,0,0,0,0,0,0,0,0,0,2,0,0,0,0,0,0,1,0,0,0,2,0,0,0,0,0,2,1,0,0,0,0,0,0,0,0,0,0,0,0,0,0,0,0,0,0,0,0,2,1,0,6,1,0,0,0,4,0,0,0,0,0,5,0,5,0,0,0,,35
Uppsala,0,0,0,1,6,0,0,0,0,0,0,0,0,0,0,0,0,2,0,0,0,0,0,1,0,1,0,2,1,0,0,0,0,0,1,1,0,0,0,0,0,0,0,0,0,1,0,0,0,0,0,0,0,0,0,0,8,5,0,7,0,1,0,1,12,0,0,0,0,0,0,0,0,0,0,0,,51
Kiruna,0,0,0,1,0,0,0,0,0,0,0,0,0,0,0,0,0,0,0,0,0,0,0,0,1,0,0,0,1,1,0,0,0,0,0,1,2,0,0,0,0,0,0,0,0,0,0,0,0,0,0,0,0,0,0,0,0,0,0,5,0,0,0,4,0,0,0,0,1,0,0,0,0,0,0,0,,17
Sarek National Park,0,0,0,0,1,0,0,0,0,0,0,0,1,0,0,0,0,0,0,0,0,0,0,1,0,1,0,1,3,0,0,1,0,0,0,1,0,4,0,0,0,0,0,0,0,0,0,0,0,0,0,0,0,0,0,0,0,0,0,2,0,0,0,9,0,0,0,0,4,0,0,0,0,0,2,0,,31
Vasa Museum,0,0,0,0,0,0,0,0,0,0,0,0,0,0,0,0,0,0,0,0,0,0,0,0,0,0,0,0,0,0,0,0,0,0,0,1,0,0,0,0,0,0,0,0,0,0,1,0,0,0,0,0,0,0,0,0,0,19,0,0,0,0,0,0,0,0,0,0,0,0,0,0,1,0,0,0,,22
Zurich,0,0,0,0,0,0,0,0,0,0,0,0,1,0,0,0,0,2,0,0,0,0,0,0,4,0,0,3,8,0,2,0,0,3,5,3,0,2,0,5,0,0,0,0,0,0,0,0,0,0,1,0,0,0,0,0,6,29,0,15,1,2,3,23,0,3,0,0,0,9,0,1,1,0,0,0,,132
Geneva,1,0,0,0,0,0,0,0,0,0,0,0,0,0,0,0,0,3,2,0,0,0,0,0,7,0,0,1,8,0,0,0,0,0,1,6,2,0,0,0,0,0,0,0,0,0,0,0,0,0,0,0,0,0,0,0,0,10,0,14,1,1,0,10,2,1,0,1,0,1,0,0,0,0,0,0,,72
Lucerne,0,0,0,0,0,0,0,0,0,0,0,0,0,0,0,0,0,2,0,0,0,0,0,0,2,0,0,1,7,0,0,0,0,1,1,5,0,0,0,0,0,0,0,0,0,0,0,0,0,0,0,0,0,0,0,0,0,6,0,5,0,1,0,16,0,0,0,0,11,4,0,2,0,0,0,0,,64
Interlaken,0,0,0,0,0,0,0,0,0,0,0,0,0,0,0,0,0,2,1,0,0,0,0,0,0,0,0,0,4,0,0,0,0,1,1,5,1,0,0,0,0,0,0,0,0,0,0,0,0,0,0,0,0,0,0,0,4,1,0,7,2,0,0,19,0,0,0,0,1,0,0,19,0,0,0,0,,68
Zermatt,0,0,0,0,0,0,0,0,0,0,0,0,0,0,0,0,0,1,0,0,0,0,0,0,0,0,0,0,5,0,1,1,0,0,0,0,6,0,0,0,0,0,0,0,0,1,0,0,0,0,0,0,0,0,0,0,0,3,0,10,0,0,0,0,0,0,0,0,0,0,0,0,0,0,0,0,,28
Jungfraujoch,0,0,0,0,0,0,0,0,0,0,0,0,0,0,0,0,0,1,0,0,0,0,0,0,0,0,0,0,0,0,0,0,0,0,0,0,0,1,0,0,0,0,0,0,0,0,0,0,0,0,0,0,0,0,0,0,0,0,0,0,0,0,0,0,0,0,0,0,0,0,0,1,0,0,0,0,,3
Rhine Falls,0,0,0,0,0,0,0,0,0,0,0,0,0,0,0,0,0,0,0,0,0,1,0,0,0,0,0,0,1,0,0,0,0,0,0,0,0,0,0,0,0,0,0,0,0,0,0,0,0,0,0,0,0,0,0,0,3,1,0,0,0,0,0,3,0,0,0,0,1,0,0,0,0,8,0,0,,18
Swiss National Park,0,0,0,0,0,0,0,0,1,0,0,0,0,0,0,0,0,1,0,0,0,0,0,0,0,0,0,0,0,0,0,0,0,0,0,0,0,5,0,1,0,0,0,0,0,0,0,0,0,0,0,0,0,0,0,0,0,0,0,0,0,0,1,1,0,0,0,0,2,0,0,0,0,0,1,0,,13
Gruyères,0,0,0,0,0,0,0,0,0,0,0,0,0,0,0,0,1,2,0,0,0,0,0,0,0,0,0,1,4,0,0,0,0,0,0,1,0,0,0,0,0,0,0,0,0,0,0,0,0,0,0,0,0,0,0,0,15,5,0,11,2,0,0,1,0,0,0,0,0,0,0,0,0,0,0,0,,43
Montreux,0,0,0,0,0,0,0,0,0,0,0,0,0,0,0,0,0,4,0,0,0,0,0,0,1,0,0,0,3,0,1,0,0,1,0,1,0,0,0,0,0,0,0,0,0,0,0,0,0,0,0,0,0,0,0,0,2,1,0,7,1,2,0,12,0,0,0,0,0,0,0,1,0,0,0,0,,37
Istanbul,0,0,0,0,0,0,0,0,0,0,0,0,0,0,0,0,0,3,0,1,0,0,2,0,19,0,0,9,12,0,1,0,0,1,13,3,0,0,0,0,0,0,0,0,0,15,2,0,0,0,0,0,0,0,0,0,0,8,0,7,3,17,0,2,3,0,0,0,9,1,2,4,1,0,0,0,,138
Antalya,0,0,0,0,0,0,0,1,0,0,0,0,0,0,0,0,0,8,1,0,0,0,1,0,4,0,0,1,1,0,1,0,0,0,3,3,1,0,0,0,0,0,0,0,0,5,0,0,0,0,0,0,0,0,0,0,0,16,0,11,1,0,0,2,0,0,0,0,1,2,2,0,0,0,0,0,,65
Cappadocia,0,0,0,0,0,0,0,0,0,0,0,0,0,0,0,0,0,3,0,0,0,0,0,1,1,0,0,1,2,0,0,1,0,0,4,0,0,0,0,0,0,0,0,0,0,0,0,0,0,0,0,0,0,0,0,0,2,1,0,2,0,0,0,1,0,0,0,0,0,0,0,1,0,0,0,0,,20
Ephesus,0,0,0,0,0,0,0,0,0,0,0,0,0,0,0,0,0,1,1,0,0,0,0,0,0,0,0,0,1,0,0,0,0,0,1,0,0,0,0,0,0,0,0,0,0,0,0,0,0,0,0,0,0,0,0,0,1,6,0,7,0,0,0,0,0,0,0,0,0,0,1,0,0,0,0,0,,19
Pamukkale,0,0,0,0,0,0,0,0,0,0,0,0,0,0,0,0,0,2,0,0,0,1,0,0,0,0,0,0,0,0,0,0,0,0,0,0,0,0,0,0,0,0,0,0,0,0,0,0,0,0,0,0,0,0,0,0,1,4,0,1,0,0,0,0,0,0,0,0,0,0,0,0,0,0,0,0,,9
Bodrum,0,0,0,0,0,0,0,0,0,0,0,0,0,0,0,0,0,2,1,0,0,0,0,0,0,0,0,1,1,0,2,0,0,4,4,0,0,0,0,0,0,0,0,0,0,2,0,0,0,0,0,0,0,0,0,0,12,12,0,0,0,0,0,0,0,0,0,0,0,0,0,0,3,0,0,0,,44
Fethiye,0,0,0,0,0,0,0,0,0,0,0,0,0,0,0,0,0,1,0,0,0,0,0,0,0,0,0,0,3,0,0,0,0,0,2,0,0,0,0,0,0,0,0,0,0,0,0,0,0,0,0,0,0,0,0,0,0,1,0,1,1,0,0,0,0,0,0,0,0,0,2,0,3,0,0,0,,14
Istanbul Grand Bazaar,1,0,0,0,0,0,0,0,0,0,0,0,0,0,0,0,1,1,2,0,0,0,0,0,0,0,0,0,0,0,0,0,0,0,1,0,0,0,0,0,0,0,0,0,0,2,0,0,0,0,0,0,0,0,0,0,0,0,0,0,29,3,0,0,0,0,0,0,0,0,0,0,0,0,0,0,,40
Topkapi Palace,0,0,0,0,0,0,0,0,0,0,0,0,0,0,0,0,1,1,0,0,0,0,0,0,0,0,0,0,0,0,0,0,0,4,1,5,0,0,0,0,0,0,0,0,0,0,0,0,0,0,0,0,0,0,0,0,0,17,0,3,0,129,0,0,0,0,0,0,0,0,0,0,0,0,0,0,,161
Blue Mosque,0,0,0,0,0,0,0,0,0,0,0,0,0,0,0,0,0,1,0,0,0,0,0,0,0,0,0,0,5,0,0,0,0,2,4,2,0,0,0,0,0,0,0,0,0,0,0,0,0,0,0,0,0,0,0,0,0,1,0,0,1,0,0,0,0,0,0,0,1,0,0,0,0,0,0,0,,17
Kyiv,2,2,0,0,1,0,0,0,0,0,0,0,0,0,0,0,0,10,0,0,0,0,0,0,4,0,0,9,6,0,0,0,0,6,7,3,0,0,0,0,0,0,0,0,0,1,0,0,0,0,0,0,0,0,0,0,3,15,0,3,5,4,0,0,5,2,0,0,2,1,0,2,0,0,0,0,,93
Lviv,0,4,0,0,0,0,0,0,5,0,0,0,0,0,0,0,1,7,0,3,0,0,0,0,5,0,0,22,9,1,0,0,0,2,14,3,2,1,0,10,0,0,0,0,0,0,0,0,0,0,0,0,0,0,0,0,11,17,2,28,5,4,0,1,11,3,0,0,0,4,0,0,1,0,0,0,,176
Odessa,0,2,0,0,0,0,0,0,1,0,0,0,0,0,0,0,0,3,1,2,0,0,3,0,6,0,0,2,7,0,0,0,0,3,9,0,0,0,0,0,0,0,0,0,0,3,0,0,0,0,0,0,0,0,0,0,1,10,1,4,6,3,1,0,2,1,0,0,0,0,5,0,0,0,0,0,,76
Chernobyl Exclusion Zone,0,0,0,0,0,0,0,0,0,0,0,0,0,0,0,0,0,0,0,0,0,0,0,0,1,0,0,0,2,1,1,0,0,1,2,0,0,0,0,0,0,0,0,0,0,0,0,0,0,0,0,0,0,0,0,0,0,0,0,2,1,0,0,1,0,0,0,0,0,0,0,0,0,0,0,0,,12
Carpathian Mountains,0,0,0,0,0,0,0,0,0,0,0,0,0,0,0,0,0,0,0,0,0,0,0,0,0,0,0,0,0,0,0,0,0,0,1,0,0,0,0,0,0,0,0,0,0,0,0,0,0,0,0,0,0,0,0,0,0,0,0,0,0,0,0,0,0,0,0,0,0,0,0,0,0,0,0,0,,1
Kharkiv,1,1,0,0,0,0,0,0,0,0,0,0,0,0,0,0,1,5,0,2,0,0,0,0,2,2,0,6,11,0,0,1,0,1,4,1,0,0,0,1,0,0,0,0,0,1,0,0,0,0,0,0,0,0,0,0,0,21,0,8,15,3,0,0,11,0,0,0,1,0,0,2,0,0,0,0,,101
Dnipro,0,1,0,0,0,0,0,0,0,0,0,0,0,0,0,0,0,6,0,1,0,0,0,0,9,1,0,3,4,0,0,1,0,0,10,0,0,0,0,0,0,0,0,0,0,0,0,0,0,0,0,0,0,0,0,0,0,5,0,10,2,3,1,0,9,0,0,0,1,1,0,1,2,0,0,0,,71
Lviv Opera House,1,0,0,0,0,0,0,0,1,0,0,0,0,0,0,0,0,0,0,0,0,0,0,0,0,0,0,2,0,0,0,0,0,1,0,0,0,0,0,0,0,0,0,0,0,0,0,0,0,0,0,0,0,0,0,0,0,0,0,0,0,0,0,0,0,3,0,0,0,0,0,0,0,0,0,0,,8
Andriyivski Descent,0,0,0,0,0,0,0,0,0,0,0,0,0,0,0,0,0,0,0,0,0,0,0,0,0,0,0,0,0,0,0,0,0,0,0,0,0,0,0,0,0,0,0,0,0,0,0,0,0,0,0,0,0,0,0,0,0,0,0,0,0,0,0,0,0,0,0,0,0,0,0,0,0,0,0,0,,0
Pechersk Lavra,0,1,0,0,0,0,0,0,0,0,0,0,0,0,0,0,0,5,0,0,0,0,0,0,0,0,0,8,0,0,0,0,0,0,1,0,0,0,0,0,0,0,0,0,0,0,0,0,0,0,0,0,0,0,0,0,0,8,0,43,0,0,0,0,8,0,0,0,0,0,0,21,0,0,0,0,,95
London,2,0,0,0,0,0,0,0,0,0,0,0,0,0,0,1,1,0,2,3,0,0,0,0,12,0,0,4,14,0,0,1,0,2,17,9,0,0,0,2,0,0,0,0,0,4,0,0,0,0,0,0,0,0,0,0,0,16,0,6,2,12,0,1,8,2,0,0,9,0,0,0,1,0,0,0,,131
Edinburgh,1,0,0,0,0,0,0,0,0,0,0,0,0,0,0,0,0,7,0,0,0,0,2,0,6,1,0,3,3,0,0,0,0,3,9,14,0,0,0,0,0,0,0,0,1,8,1,0,0,0,0,0,0,0,0,0,22,9,0,18,2,5,0,0,4,0,0,0,2,17,0,1,2,0,0,0,,141
Manchester,0,0,0,0,0,0,0,0,0,0,0,0,0,0,0,1,0,0,0,0,0,0,0,0,8,1,0,1,3,0,1,0,0,0,3,7,0,0,0,7,0,0,0,0,0,2,0,0,0,0,0,0,0,0,0,0,1,10,2,1,4,1,0,0,7,1,0,0,0,0,0,0,0,0,0,0,,61
Liverpool,0,0,0,0,1,0,0,0,0,0,0,0,0,0,0,1,0,4,0,3,0,0,1,0,12,1,0,12,11,0,0,0,0,6,8,7,0,0,0,2,0,0,0,0,0,3,0,0,0,0,1,0,0,0,0,0,7,6,3,10,2,1,0,0,8,0,0,0,0,0,0,0,2,0,0,0,,112
Cambridge,0,0,0,0,0,0,0,0,0,0,0,0,0,0,0,1,0,1,0,0,0,0,0,0,3,0,0,3,2,0,0,0,0,2,5,11,0,0,0,3,0,0,0,0,0,3,0,0,0,0,0,0,0,0,0,0,10,15,0,19,5,0,0,0,1,0,0,0,2,0,0,0,0,0,0,0,,86
Lake District,0,0,0,0,0,0,0,0,0,0,0,0,0,0,0,0,0,0,0,0,0,0,0,0,0,0,0,0,0,0,0,0,0,0,0,0,0,0,0,0,0,0,0,0,0,0,0,0,0,0,0,0,0,0,0,0,0,0,0,0,0,0,0,3,0,0,0,0,0,0,0,0,0,0,0,2,,5
Yorkshire Dales,0,0,0,0,0,0,0,0,0,0,0,0,0,0,0,0,0,0,0,0,0,2,0,0,0,0,0,1,1,0,0,0,0,1,0,1,0,3,0,0,0,0,0,0,0,0,0,0,0,0,0,0,0,0,0,0,0,0,0,0,2,0,0,1,0,0,0,0,2,0,0,0,0,0,0,0,,14
The Cotswolds,0,0,0,0,0,0,0,0,0,0,0,0,0,0,0,0,0,2,0,4,0,0,1,0,0,2,0,1,0,0,0,0,0,3,3,22,0,0,0,0,0,0,0,0,0,0,0,0,0,0,0,0,0,0,0,0,0,0,0,0,0,0,0,1,0,0,0,0,0,0,0,0,0,0,0,0,,39
Stonehenge,3,1,0,0,0,0,0,0,0,0,0,0,0,0,0,4,1,0,1,0,0,0,0,5,1,1,0,4,13,0,0,0,0,3,14,0,0,0,0,0,0,0,0,0,0,0,0,0,0,0,0,0,0,0,0,0,0,0,1,11,9,0,0,3,0,0,0,0,0,0,0,0,12,0,0,0,,87
Scottish Highlands,0,0,0,0,0,0,0,0,0,0,0,0,0,0,0,2,0,3,0,0,0,0,1,2,0,0,0,2,0,2,0,0,0,1,1,0,0,0,0,0,0,0,0,0,0,0,0,0,0,0,0,0,0,0,0,0,0,0,0,10,1,0,0,0,0,0,0,0,0,0,0,0,1,0,0,0,,26
Luxembourg City,1,0,0,0,0,0,0,0,0,0,0,0,0,0,0,0,0,1,0,0,0,0,0,0,1,0,0,0,0,0,0,0,0,0,1,0,0,0,0,0,0,0,0,0,0,0,0,0,0,0,0,0,0,0,0,0,5,4,1,4,0,1,0,0,2,0,0,0,3,0,0,0,0,0,0,0,,24
Vianden,0,0,0,0,0,0,0,0,0,0,0,0,0,0,0,0,0,1,0,0,0,0,0,0,0,0,0,0,0,0,0,0,0,0,0,1,0,0,0,1,0,0,0,0,0,0,0,0,0,0,0,0,0,0,0,1,13,4,0,3,1,0,0,0,0,0,0,1,1,0,0,0,0,0,0,0,,27
Esch-sur-Alzette,0,0,0,0,0,0,0,0,0,0,0,0,0,0,0,0,0,0,0,0,0,0,0,0,0,0,0,1,0,0,0,0,0,0,1,0,0,0,0,0,0,0,0,0,0,2,0,0,0,0,0,0,0,0,0,0,0,0,0,1,0,0,0,0,0,0,0,0,0,0,0,0,0,0,0,0,,5
Luxembourg American Cemetery and Memorial,0,0,0,0,0,0,0,0,0,0,0,0,0,0,0,0,0,0,0,0,0,0,0,0,0,0,0,0,0,0,0,0,0,0,0,0,0,0,0,0,0,0,0,0,0,0,0,0,0,0,0,0,0,0,0,0,0,0,0,0,0,0,0,0,0,0,0,0,0,0,0,0,0,0,0,0,,0
Mullerthal,0,0,0,0,0,0,0,0,0,0,0,0,0,0,0,0,0,0,0,0,0,0,0,0,0,0,0,0,0,0,0,0,0,0,0,0,0,0,0,0,0,0,0,0,0,0,0,0,0,0,0,0,0,0,0,0,0,0,0,0,0,0,0,0,0,0,0,0,0,0,0,0,0,0,0,0,,0
Beaufort Castle,0,0,0,0,0,0,0,0,0,0,0,0,0,0,0,0,0,0,0,0,0,0,0,0,0,0,0,0,0,0,0,0,0,0,0,0,0,0,0,0,0,0,0,0,0,0,0,0,0,0,0,0,0,0,0,0,10,0,0,0,1,0,0,0,0,0,0,0,0,0,0,0,0,0,0,0,,11
Vianden Castle,0,0,0,0,0,0,0,0,0,0,0,0,0,0,0,0,0,0,0,0,0,0,0,0,0,0,0,0,0,0,0,0,0,0,1,0,0,0,0,0,0,0,0,0,0,0,0,0,0,0,0,0,0,0,0,0,26,0,0,0,0,2,0,0,0,0,0,0,0,0,0,0,0,0,0,0,,29
Grund,0,0,0,0,0,0,0,0,0,0,0,0,0,0,0,0,0,0,0,0,0,0,0,0,0,0,0,0,1,0,0,0,0,0,0,0,0,0,0,0,0,0,0,0,0,0,0,0,0,0,0,0,0,0,0,0,0,0,0,0,0,0,0,0,0,0,0,0,0,0,0,0,0,0,0,0,,1
Bettembourg,0,0,0,0,0,0,0,0,0,0,0,0,0,0,0,0,0,0,0,0,0,0,0,0,0,0,0,0,0,0,0,0,0,0,0,0,0,0,0,0,0,0,0,0,0,0,0,0,0,0,0,0,0,0,0,0,0,0,0,0,0,0,0,0,0,0,0,0,0,0,0,0,0,0,0,0,,0
Valletta,0,0,0,0,0,0,0,0,0,0,0,0,0,0,0,0,0,0,0,0,0,0,0,0,2,0,0,1,1,0,0,0,0,1,2,0,0,0,0,0,0,0,0,0,0,1,0,0,0,0,0,0,0,0,0,0,0,2,0,4,1,5,0,0,2,2,0,0,0,0,1,0,4,0,0,0,,29
Mdina,0,0,0,0,0,0,0,0,0,0,0,0,0,0,0,0,0,0,0,0,0,0,0,0,0,0,0,0,2,0,0,0,0,0,1,0,0,0,0,0,0,0,0,0,0,0,0,0,0,0,0,0,0,0,0,0,2,1,0,3,0,0,0,0,2,0,0,0,0,0,0,1,6,0,0,0,,18
Blue Lagoon,0,0,0,0,0,0,0,0,0,0,0,0,0,0,0,0,0,0,0,0,0,0,0,0,0,0,0,0,0,0,0,0,0,0,0,0,0,0,0,0,0,0,0,0,0,0,0,0,0,0,0,0,0,0,0,0,0,0,0,0,0,0,0,0,0,0,0,0,0,0,0,0,0,0,0,0,,0
Marsaxlokk,0,0,0,0,0,0,0,0,0,0,0,0,0,0,0,0,0,2,0,0,0,0,0,0,0,0,0,1,1,0,0,0,0,2,4,0,0,0,0,0,0,0,0,0,0,0,2,0,0,0,0,0,0,0,0,0,0,0,0,4,4,0,0,0,0,0,0,0,0,0,0,1,3,0,0,0,,24
St. Paul's Bay,0,0,0,0,0,0,0,0,0,0,0,0,0,0,0,0,0,0,0,0,0,1,0,0,0,0,0,0,1,0,0,0,0,0,0,0,0,0,0,0,0,0,0,0,0,1,1,0,0,0,0,0,0,0,0,0,0,0,0,1,0,0,0,0,0,0,0,0,0,0,0,0,3,0,0,0,,8
Rabat,0,0,0,0,0,0,0,0,0,0,0,0,0,0,0,0,0,0,0,0,0,0,0,0,0,0,0,0,0,0,0,0,0,0,0,0,0,0,0,0,0,0,0,0,0,0,0,0,0,0,0,0,0,0,0,0,0,0,0,0,0,0,0,0,0,0,0,0,0,0,0,0,1,0,0,0,,1
Mosta,0,0,0,0,0,0,0,0,0,0,0,0,0,0,0,0,0,1,0,0,0,0,0,0,0,0,0,1,2,0,0,0,0,0,0,0,0,0,0,0,0,0,0,0,1,0,0,0,0,0,0,0,0,0,0,0,0,1,0,9,0,0,0,0,0,0,0,0,0,0,0,0,0,0,0,0,,15
Marsaskala,0,0,0,0,0,0,0,0,0,0,0,0,0,0,0,0,0,0,0,0,0,0,0,0,7,2,0,0,1,0,0,0,0,1,1,1,0,0,0,0,0,0,0,0,0,1,0,0,0,0,0,0,0,0,0,0,0,1,0,11,1,4,0,0,0,0,0,0,0,0,0,0,2,0,0,0,,33
Gozo,0,0,0,0,0,0,0,0,0,0,0,0,0,0,0,0,0,0,0,0,0,1,0,0,0,0,0,1,3,0,0,0,0,0,1,0,0,0,0,0,0,0,0,0,0,0,0,0,0,0,0,0,0,0,0,0,0,0,0,2,0,0,0,0,2,0,0,0,7,0,0,0,34,0,0,0,,51
Comino,0,0,0,0,0,0,0,0,0,0,0,0,0,0,0,0,0,0,0,0,0,0,0,0,0,0,0,0,2,1,0,0,0,0,0,0,0,0,0,0,0,0,0,0,0,0,0,0,0,0,0,0,0,0,0,0,0,1,0,0,0,0,0,0,0,0,0,0,0,0,0,0,17,0,0,0,,21
Reykjavik,1,0,0,0,2,0,0,0,0,0,0,0,0,0,0,0,0,0,0,0,0,0,1,0,4,1,0,7,2,0,0,0,0,1,8,2,0,0,0,0,0,0,0,0,0,3,0,0,0,0,0,0,0,0,0,0,0,10,0,1,0,0,0,1,0,0,0,0,0,0,0,0,0,0,0,0,,44
Blue Lagoon,0,0,0,0,0,0,0,0,0,0,0,0,0,0,0,0,0,0,0,0,0,0,0,0,0,0,0,0,1,0,0,0,0,0,0,1,0,0,0,0,0,0,0,0,0,0,0,0,0,0,0,0,0,0,0,0,0,0,0,0,0,0,0,1,0,0,0,0,0,0,0,0,1,0,0,0,,4
Golden Circle,0,0,0,0,0,0,0,0,0,0,0,0,0,0,0,0,0,0,0,0,0,0,0,0,0,0,0,0,0,0,0,0,0,0,0,0,0,0,0,0,0,0,0,0,0,0,0,0,0,0,0,0,0,0,0,0,0,0,0,0,0,0,0,0,1,0,0,0,0,0,0,0,0,1,0,0,,2
Skaftafell National Park,0,0,0,0,0,0,0,0,0,0,0,0,0,0,0,0,0,0,0,0,0,0,0,0,0,0,0,1,1,0,1,0,0,1,0,0,0,2,0,0,0,0,0,0,0,0,0,0,0,0,0,0,0,0,0,3,0,1,0,0,0,0,0,0,0,0,0,0,1,0,0,0,0,1,0,0,,12
Vatnajökull National Park,0,0,0,0,0,0,0,0,0,0,0,0,0,0,0,0,0,1,0,0,0,1,0,0,0,0,0,0,0,0,0,0,0,0,0,0,0,0,0,0,0,0,0,0,0,0,0,0,0,0,0,0,0,0,0,0,0,0,0,0,0,0,0,0,0,0,0,0,0,0,0,0,0,1,3,0,,6
Akureyri,0,0,0,0,0,0,0,0,0,0,0,0,0,0,0,0,0,0,0,0,0,0,2,0,2,1,0,2,1,0,0,0,0,0,0,1,0,0,0,0,0,0,0,0,0,0,0,0,0,0,0,0,0,0,0,0,0,9,0,2,0,0,1,1,0,0,0,0,0,0,0,0,3,0,0,3,,28
Snæfellsjökull National Park,0,0,0,0,0,0,0,0,0,0,0,0,0,0,0,0,0,0,0,0,0,0,0,0,0,0,0,0,0,0,0,0,0,0,0,0,0,0,0,0,0,0,0,0,0,0,0,0,0,0,0,0,0,0,0,0,0,0,0,0,0,0,0,0,0,0,0,0,0,0,0,0,0,0,0,0,,0
Westfjords,0,0,0,0,0,0,0,0,0,0,0,0,0,0,0,0,0,0,0,0,0,0,0,1,0,0,0,0,0,0,0,0,0,1,0,0,0,0,0,0,0,0,0,0,0,0,0,0,0,0,0,0,0,0,0,0,0,1,0,0,0,0,0,0,0,0,0,0,0,0,0,0,0,0,0,0,,3
Jökulsárlón Glacier Lagoon,0,0,0,0,0,0,0,0,0,0,0,0,0,0,0,0,0,0,0,0,0,0,0,0,0,0,0,0,1,0,0,0,0,0,0,0,0,1,0,0,0,0,0,0,0,0,0,0,0,0,0,0,0,0,0,0,0,0,0,0,0,0,0,21,0,0,0,0,4,0,0,0,0,0,0,1,,28
Reynisfjara Black Sand Beach,0,0,0,0,0,0,0,0,0,0,0,0,0,0,0,0,0,0,0,0,0,0,1,0,0,0,0,0,1,0,0,0,0,0,0,0,0,0,0,0,0,0,0,0,1,0,0,0,0,0,0,0,0,0,0,0,0,0,0,0,0,0,0,0,0,0,0,0,0,0,0,0,0,0,0,0,,3
Belgrade,0,0,1,0,0,0,0,3,1,0,0,0,0,0,0,0,0,1,1,2,0,0,0,0,12,3,0,8,8,0,1,0,0,4,6,0,1,1,0,1,0,0,0,0,0,1,0,0,0,0,0,0,0,0,0,0,1,28,0,9,2,3,0,3,3,1,0,0,12,1,0,1,5,0,0,0,,124
Novi Sad,0,0,0,0,0,0,0,0,0,0,0,0,0,0,0,0,0,1,0,0,0,1,0,1,10,0,0,12,2,0,1,0,0,3,4,1,0,2,0,1,0,0,0,0,0,0,0,0,0,0,0,0,0,0,0,0,0,3,0,2,0,0,0,1,0,0,0,0,9,2,0,0,0,0,0,0,,56
Niš,0,0,0,0,0,0,0,1,3,0,0,0,0,0,0,0,0,2,0,0,0,0,0,0,5,0,0,1,1,0,0,0,0,1,0,0,0,1,0,0,0,0,0,0,0,0,0,0,0,0,0,0,0,0,0,0,0,1,0,0,1,0,0,0,0,0,0,0,0,0,0,0,0,0,0,0,,17
Belgrade Fortress,0,0,0,0,0,0,0,1,1,0,0,0,0,0,0,0,0,4,0,0,0,1,0,0,9,0,0,13,3,0,0,0,0,1,11,4,2,0,0,0,0,0,0,0,0,0,0,0,0,0,0,0,0,0,0,0,1,19,0,30,0,1,0,1,2,0,0,0,7,0,0,1,3,0,0,0,,115
Tara National Park,0,0,0,0,0,0,0,1,0,0,0,0,0,0,0,0,0,0,0,0,0,1,0,1,0,0,0,2,1,0,0,0,0,0,1,1,0,1,0,0,0,0,0,0,0,0,0,0,0,0,0,0,0,0,0,0,0,1,0,1,0,0,0,5,0,0,0,0,0,0,0,6,0,3,7,0,,32
Kopaonik,0,0,0,0,0,0,0,1,0,0,0,0,0,0,0,0,0,1,0,0,0,0,0,0,0,0,0,0,0,0,2,0,0,0,1,0,0,0,0,0,0,0,0,0,0,0,0,0,0,0,0,0,0,0,0,0,1,1,0,1,0,0,0,0,0,0,0,0,0,0,0,2,0,1,0,0,,11
Novi Sad Fortress,0,0,0,0,0,0,0,0,0,0,0,0,0,0,0,0,0,1,0,0,0,1,0,1,10,0,0,12,2,0,1,0,0,3,4,1,0,2,0,1,0,0,0,0,0,0,0,0,0,0,0,0,0,0,0,0,0,3,0,2,0,0,0,1,0,0,0,0,9,2,0,0,0,0,0,0,,56
Sremski Karlovci,1,2,0,0,0,0,0,0,0,0,0,0,0,0,0,0,0,3,0,0,0,0,0,0,1,0,0,3,0,0,0,0,0,0,1,0,0,0,0,0,0,0,0,0,0,0,0,0,0,0,0,0,0,0,0,0,0,0,0,6,0,2,0,0,1,0,0,0,0,0,0,1,0,0,0,0,,21
Subotica,0,0,0,0,0,0,0,2,3,0,0,0,0,0,0,0,0,1,0,0,0,0,0,0,2,0,0,2,0,0,0,0,0,1,1,0,0,0,0,0,0,0,0,0,0,0,0,0,0,0,0,0,0,0,0,0,1,0,0,4,2,2,0,1,1,0,0,0,0,1,0,0,0,0,0,0,,24
Vrnjačka Banja,0,0,1,0,0,0,0,0,0,0,0,0,0,0,0,0,0,0,0,0,0,0,0,0,1,0,0,1,1,0,0,0,0,0,0,0,1,0,0,0,0,0,0,0,0,0,0,0,0,0,0,0,0,0,0,0,0,0,0,0,0,0,0,0,0,0,0,0,2,0,0,3,0,0,0,0,,10
,39,29,14,22,78,17,6,14,36,2,10,15,2,64,4,10,47,359,62,39,1,28,94,31,622,36,0,552,591,15,39,10,1,260,644,314,39,53,0,106,1,0,0,0,27,141,45,0,0,3,3,1,3,0,0,9,470,1344,28,1198,274,633,57,477,445,75,5,5,362,161,40,237,892,21,13,88,,
